node,tier
subject.ageGroup,0
subject.biologicalSex,0
cmv.igg_serology_interpretation,0
freq.L1_b_cell,1
freq.L1_dc,1
freq.L1_erythrocyte,1
freq.L1_ilc,1
freq.L1_monocyte,1
freq.L1_nk_cell,1
freq.L1_platelet,1
freq.L1_progenitor_cell,1
freq.L1_t_cell,1
freq.L2_asdc,1
freq.L2_cd14_monocyte,1
freq.L2_cd16_monocyte,1
freq.L2_cd56bright_nk_cell,1
freq.L2_cd56dim_nk_cell,1
freq.L2_cd8aa,1
freq.L2_cdc1,1
freq.L2_cdc2,1
freq.L2_dn_t_cell,1
freq.L2_effector_b_cell,1
freq.L2_erythrocyte,1
freq.L2_gdt,1
freq.L2_ilc,1
freq.L2_intermediate_monocyte,1
freq.L2_mait,1
freq.L2_memory_b_cell,1
freq.L2_memory_cd4_t_cell,1
freq.L2_memory_cd8_t_cell,1
freq.L2_naive_b_cell,1
freq.L2_naive_cd4_t_cell,1
freq.L2_naive_cd8_t_cell,1
freq.L2_pdc,1
freq.L2_plasma_cell,1
freq.L2_platelet,1
freq.L2_progenitor_cell,1
freq.L2_proliferating_nk_cell,1
freq.L2_proliferating_t_cell,1
freq.L2_transitional_b_cell,1
freq.L2_treg,1
freq.L3_activated_memory_b_cell,1
freq.L3_adaptive_nk_cell,1
freq.L3_asdc,1
freq.L3_baeomap_cell,1
freq.L3_c1q_cd16_monocyte,1
freq.L3_cd14_cdc2,1
freq.L3_cd27_effector_b_cell,1
freq.L3_cd4_mait,1
freq.L3_cd56bright_nk_cell,1
freq.L3_cd8_mait,1
freq.L3_cd8aa,1
freq.L3_cd95_memory_b_cell,1
freq.L3_cdc1,1
freq.L3_clp_cell,1
freq.L3_cm_cd4_t_cell,1
freq.L3_cm_cd8_t_cell,1
freq.L3_cmp_cell,1
freq.L3_core_cd14_monocyte,1
freq.L3_core_cd16_monocyte,1
freq.L3_core_memory_b_cell,1
freq.L3_core_naive_b_cell,1
freq.L3_core_naive_cd4_t_cell,1
freq.L3_core_naive_cd8_t_cell,1
freq.L3_dn_t_cell,1
freq.L3_early_memory_b_cell,1
freq.L3_erythrocyte,1
freq.L3_gzmb_cd27_em_cd4_t_cell,1
freq.L3_gzmb_vd2_gdt,1
freq.L3_gzmk_cd27_em_cd8_t_cell,1
freq.L3_gzmk_cd56dim_nk_cell,1
freq.L3_gzmk_memory_cd4_treg,1
freq.L3_gzmk_vd2_gdt,1
freq.L3_hla_drhi_cdc2,1
freq.L3_il1b_cd14_monocyte,1
freq.L3_ilc,1
freq.L3_intermediate_monocyte,1
freq.L3_isg_cd14_monocyte,1
freq.L3_isg_cd16_monocyte,1
freq.L3_isg_cd56dim_nk_cell,1
freq.L3_isg_cdc2,1
freq.L3_isg_mait,1
freq.L3_isg_memory_cd4_t_cell,1
freq.L3_isg_memory_cd8_t_cell,1
freq.L3_isg_naive_b_cell,1
freq.L3_isg_naive_cd4_t_cell,1
freq.L3_isg_naive_cd8_t_cell,1
freq.L3_klrb1_memory_cd4_treg,1
freq.L3_klrb1_memory_cd8_treg,1
freq.L3_klrf1_effector_vd1_gdt,1
freq.L3_klrf1_gzmb_cd27_em_cd8_t_cell,1
freq.L3_klrf1_gzmb_cd27_memory_cd4_t_cell,1
freq.L3_memory_cd4_treg,1
freq.L3_memory_cd8_treg,1
freq.L3_naive_cd4_treg,1
freq.L3_naive_vd1_gdt,1
freq.L3_pdc,1
freq.L3_plasma_cell,1
freq.L3_platelet,1
freq.L3_proliferating_nk_cell,1
freq.L3_proliferating_t_cell,1
freq.L3_sox4_naive_cd4_t_cell,1
freq.L3_sox4_naive_cd8_t_cell,1
freq.L3_sox4_vd1_gdt,1
freq.L3_transitional_b_cell,1
freq.L3_type_2_polarized_memory_b_cell,1
olink.IL6,1
olink.TNF,1
olink.CXCL8,1
olink.CXCL9,1
olink.GDF15,1
olink.CCL11,1
olink.TNFRSF1A,1
olink.CD8A,1
olink.GZMA,1
olink.GZMB,1
olink.KLRD1,1
olink.FGF21,1
olink.CHI3L1,1
olink.IL18,1
olink.CXCL10,1
olink.CXCL11,1
olink.IFNG,1
olink.CCL2,1
olink.CCL8,1
olink.CCL3,1
olink.CCL4,1
olink.TNFRSF1B,1
olink.MMP9,1
olink.MMP12,1
olink.IGFBP7,1
olink.VEGFA,1
olink.IL10,1
olink.IL1RN,1
olink.IL7,1
olink.IL15,1
olink.PDCD1,1
olink.LAG3,1
olink.HAVCR2,1
olink.CD274,1
olink.LEP,1
pb.activated_memory_b_cell_ifn_alpha,1
pb.activated_memory_b_cell_ifn_gamma,1
pb.activated_memory_b_cell_il2_stat5,1
pb.activated_memory_b_cell_il6_jak_stat3,1
pb.activated_memory_b_cell_inflammatory,1
pb.activated_memory_b_cell_tnfa_nfkb,1
pb.adaptive_nk_cell_ifn_alpha,1
pb.adaptive_nk_cell_ifn_gamma,1
pb.adaptive_nk_cell_il2_stat5,1
pb.adaptive_nk_cell_il6_jak_stat3,1
pb.adaptive_nk_cell_inflammatory,1
pb.adaptive_nk_cell_tnfa_nfkb,1
pb.asdc_ifn_alpha,1
pb.asdc_ifn_gamma,1
pb.asdc_il2_stat5,1
pb.asdc_il6_jak_stat3,1
pb.asdc_inflammatory,1
pb.asdc_tnfa_nfkb,1
pb.baeomap_cell_ifn_alpha,1
pb.baeomap_cell_ifn_gamma,1
pb.baeomap_cell_il2_stat5,1
pb.baeomap_cell_il6_jak_stat3,1
pb.baeomap_cell_inflammatory,1
pb.baeomap_cell_tnfa_nfkb,1
pb.c1q_cd16_monocyte_ifn_alpha,1
pb.c1q_cd16_monocyte_ifn_gamma,1
pb.c1q_cd16_monocyte_il2_stat5,1
pb.c1q_cd16_monocyte_il6_jak_stat3,1
pb.c1q_cd16_monocyte_inflammatory,1
pb.c1q_cd16_monocyte_tnfa_nfkb,1
pb.cd14_cdc2_ifn_alpha,1
pb.cd14_cdc2_ifn_gamma,1
pb.cd14_cdc2_il2_stat5,1
pb.cd14_cdc2_il6_jak_stat3,1
pb.cd14_cdc2_inflammatory,1
pb.cd14_cdc2_tnfa_nfkb,1
pb.cd27_effector_b_cell_ifn_alpha,1
pb.cd27_effector_b_cell_ifn_gamma,1
pb.cd27_effector_b_cell_il2_stat5,1
pb.cd27_effector_b_cell_il6_jak_stat3,1
pb.cd27_effector_b_cell_inflammatory,1
pb.cd27_effector_b_cell_tnfa_nfkb,1
pb.cd4_mait_ifn_alpha,1
pb.cd4_mait_ifn_gamma,1
pb.cd4_mait_il2_stat5,1
pb.cd4_mait_il6_jak_stat3,1
pb.cd4_mait_inflammatory,1
pb.cd4_mait_tnfa_nfkb,1
pb.cd56bright_nk_cell_ifn_alpha,1
pb.cd56bright_nk_cell_ifn_gamma,1
pb.cd56bright_nk_cell_il2_stat5,1
pb.cd56bright_nk_cell_il6_jak_stat3,1
pb.cd56bright_nk_cell_inflammatory,1
pb.cd56bright_nk_cell_tnfa_nfkb,1
pb.cd8_mait_ifn_alpha,1
pb.cd8_mait_ifn_gamma,1
pb.cd8_mait_il2_stat5,1
pb.cd8_mait_il6_jak_stat3,1
pb.cd8_mait_inflammatory,1
pb.cd8_mait_tnfa_nfkb,1
pb.cd8aa_ifn_alpha,1
pb.cd8aa_ifn_gamma,1
pb.cd8aa_il2_stat5,1
pb.cd8aa_il6_jak_stat3,1
pb.cd8aa_inflammatory,1
pb.cd8aa_tnfa_nfkb,1
pb.cd95_memory_b_cell_ifn_alpha,1
pb.cd95_memory_b_cell_ifn_gamma,1
pb.cd95_memory_b_cell_il2_stat5,1
pb.cd95_memory_b_cell_il6_jak_stat3,1
pb.cd95_memory_b_cell_inflammatory,1
pb.cd95_memory_b_cell_tnfa_nfkb,1
pb.cdc1_ifn_alpha,1
pb.cdc1_ifn_gamma,1
pb.cdc1_il2_stat5,1
pb.cdc1_il6_jak_stat3,1
pb.cdc1_inflammatory,1
pb.cdc1_tnfa_nfkb,1
pb.clp_cell_ifn_alpha,1
pb.clp_cell_ifn_gamma,1
pb.clp_cell_il2_stat5,1
pb.clp_cell_il6_jak_stat3,1
pb.clp_cell_inflammatory,1
pb.clp_cell_tnfa_nfkb,1
pb.cm_cd4_t_cell_ifn_alpha,1
pb.cm_cd4_t_cell_ifn_gamma,1
pb.cm_cd4_t_cell_il2_stat5,1
pb.cm_cd4_t_cell_il6_jak_stat3,1
pb.cm_cd4_t_cell_inflammatory,1
pb.cm_cd4_t_cell_tnfa_nfkb,1
pb.cm_cd8_t_cell_ifn_alpha,1
pb.cm_cd8_t_cell_ifn_gamma,1
pb.cm_cd8_t_cell_il2_stat5,1
pb.cm_cd8_t_cell_il6_jak_stat3,1
pb.cm_cd8_t_cell_inflammatory,1
pb.cm_cd8_t_cell_tnfa_nfkb,1
pb.cmp_cell_ifn_alpha,1
pb.cmp_cell_ifn_gamma,1
pb.cmp_cell_il2_stat5,1
pb.cmp_cell_il6_jak_stat3,1
pb.cmp_cell_inflammatory,1
pb.cmp_cell_tnfa_nfkb,1
pb.core_cd14_monocyte_ifn_alpha,1
pb.core_cd14_monocyte_ifn_gamma,1
pb.core_cd14_monocyte_il2_stat5,1
pb.core_cd14_monocyte_il6_jak_stat3,1
pb.core_cd14_monocyte_inflammatory,1
pb.core_cd14_monocyte_tnfa_nfkb,1
pb.core_cd16_monocyte_ifn_alpha,1
pb.core_cd16_monocyte_ifn_gamma,1
pb.core_cd16_monocyte_il2_stat5,1
pb.core_cd16_monocyte_il6_jak_stat3,1
pb.core_cd16_monocyte_inflammatory,1
pb.core_cd16_monocyte_tnfa_nfkb,1
pb.core_memory_b_cell_ifn_alpha,1
pb.core_memory_b_cell_ifn_gamma,1
pb.core_memory_b_cell_il2_stat5,1
pb.core_memory_b_cell_il6_jak_stat3,1
pb.core_memory_b_cell_inflammatory,1
pb.core_memory_b_cell_tnfa_nfkb,1
pb.core_naive_b_cell_ifn_alpha,1
pb.core_naive_b_cell_ifn_gamma,1
pb.core_naive_b_cell_il2_stat5,1
pb.core_naive_b_cell_il6_jak_stat3,1
pb.core_naive_b_cell_inflammatory,1
pb.core_naive_b_cell_tnfa_nfkb,1
pb.core_naive_cd4_t_cell_ifn_alpha,1
pb.core_naive_cd4_t_cell_ifn_gamma,1
pb.core_naive_cd4_t_cell_il2_stat5,1
pb.core_naive_cd4_t_cell_il6_jak_stat3,1
pb.core_naive_cd4_t_cell_inflammatory,1
pb.core_naive_cd4_t_cell_tnfa_nfkb,1
pb.core_naive_cd8_t_cell_ifn_alpha,1
pb.core_naive_cd8_t_cell_ifn_gamma,1
pb.core_naive_cd8_t_cell_il2_stat5,1
pb.core_naive_cd8_t_cell_il6_jak_stat3,1
pb.core_naive_cd8_t_cell_inflammatory,1
pb.core_naive_cd8_t_cell_tnfa_nfkb,1
pb.dn_t_cell_ifn_alpha,1
pb.dn_t_cell_ifn_gamma,1
pb.dn_t_cell_il2_stat5,1
pb.dn_t_cell_il6_jak_stat3,1
pb.dn_t_cell_inflammatory,1
pb.dn_t_cell_tnfa_nfkb,1
pb.early_memory_b_cell_ifn_alpha,1
pb.early_memory_b_cell_ifn_gamma,1
pb.early_memory_b_cell_il2_stat5,1
pb.early_memory_b_cell_il6_jak_stat3,1
pb.early_memory_b_cell_inflammatory,1
pb.early_memory_b_cell_tnfa_nfkb,1
pb.erythrocyte_ifn_alpha,1
pb.erythrocyte_ifn_gamma,1
pb.erythrocyte_il2_stat5,1
pb.erythrocyte_il6_jak_stat3,1
pb.erythrocyte_inflammatory,1
pb.erythrocyte_tnfa_nfkb,1
pb.gzmb_cd27_em_cd4_t_cell_ifn_alpha,1
pb.gzmb_cd27_em_cd4_t_cell_ifn_gamma,1
pb.gzmb_cd27_em_cd4_t_cell_il2_stat5,1
pb.gzmb_cd27_em_cd4_t_cell_il6_jak_stat3,1
pb.gzmb_cd27_em_cd4_t_cell_inflammatory,1
pb.gzmb_cd27_em_cd4_t_cell_tnfa_nfkb,1
pb.gzmb_vd2_gdt_ifn_alpha,1
pb.gzmb_vd2_gdt_ifn_gamma,1
pb.gzmb_vd2_gdt_il2_stat5,1
pb.gzmb_vd2_gdt_il6_jak_stat3,1
pb.gzmb_vd2_gdt_inflammatory,1
pb.gzmb_vd2_gdt_tnfa_nfkb,1
pb.gzmk_cd27_em_cd8_t_cell_ifn_alpha,1
pb.gzmk_cd27_em_cd8_t_cell_ifn_gamma,1
pb.gzmk_cd27_em_cd8_t_cell_il2_stat5,1
pb.gzmk_cd27_em_cd8_t_cell_il6_jak_stat3,1
pb.gzmk_cd27_em_cd8_t_cell_inflammatory,1
pb.gzmk_cd27_em_cd8_t_cell_tnfa_nfkb,1
pb.gzmk_cd56dim_nk_cell_ifn_alpha,1
pb.gzmk_cd56dim_nk_cell_ifn_gamma,1
pb.gzmk_cd56dim_nk_cell_il2_stat5,1
pb.gzmk_cd56dim_nk_cell_il6_jak_stat3,1
pb.gzmk_cd56dim_nk_cell_inflammatory,1
pb.gzmk_cd56dim_nk_cell_tnfa_nfkb,1
pb.gzmk_memory_cd4_treg_ifn_alpha,1
pb.gzmk_memory_cd4_treg_ifn_gamma,1
pb.gzmk_memory_cd4_treg_il2_stat5,1
pb.gzmk_memory_cd4_treg_il6_jak_stat3,1
pb.gzmk_memory_cd4_treg_inflammatory,1
pb.gzmk_memory_cd4_treg_tnfa_nfkb,1
pb.gzmk_vd2_gdt_ifn_alpha,1
pb.gzmk_vd2_gdt_ifn_gamma,1
pb.gzmk_vd2_gdt_il2_stat5,1
pb.gzmk_vd2_gdt_il6_jak_stat3,1
pb.gzmk_vd2_gdt_inflammatory,1
pb.gzmk_vd2_gdt_tnfa_nfkb,1
pb.hla_drhi_cdc2_ifn_alpha,1
pb.hla_drhi_cdc2_ifn_gamma,1
pb.hla_drhi_cdc2_il2_stat5,1
pb.hla_drhi_cdc2_il6_jak_stat3,1
pb.hla_drhi_cdc2_inflammatory,1
pb.hla_drhi_cdc2_tnfa_nfkb,1
pb.il1b_cd14_monocyte_ifn_alpha,1
pb.il1b_cd14_monocyte_ifn_gamma,1
pb.il1b_cd14_monocyte_il2_stat5,1
pb.il1b_cd14_monocyte_il6_jak_stat3,1
pb.il1b_cd14_monocyte_inflammatory,1
pb.il1b_cd14_monocyte_tnfa_nfkb,1
pb.ilc_ifn_alpha,1
pb.ilc_ifn_gamma,1
pb.ilc_il2_stat5,1
pb.ilc_il6_jak_stat3,1
pb.ilc_inflammatory,1
pb.ilc_tnfa_nfkb,1
pb.intermediate_monocyte_ifn_alpha,1
pb.intermediate_monocyte_ifn_gamma,1
pb.intermediate_monocyte_il2_stat5,1
pb.intermediate_monocyte_il6_jak_stat3,1
pb.intermediate_monocyte_inflammatory,1
pb.intermediate_monocyte_tnfa_nfkb,1
pb.isg_cd14_monocyte_ifn_alpha,1
pb.isg_cd14_monocyte_ifn_gamma,1
pb.isg_cd14_monocyte_il2_stat5,1
pb.isg_cd14_monocyte_il6_jak_stat3,1
pb.isg_cd14_monocyte_inflammatory,1
pb.isg_cd14_monocyte_tnfa_nfkb,1
pb.isg_cd16_monocyte_ifn_alpha,1
pb.isg_cd16_monocyte_ifn_gamma,1
pb.isg_cd16_monocyte_il2_stat5,1
pb.isg_cd16_monocyte_il6_jak_stat3,1
pb.isg_cd16_monocyte_inflammatory,1
pb.isg_cd16_monocyte_tnfa_nfkb,1
pb.isg_cd56dim_nk_cell_ifn_alpha,1
pb.isg_cd56dim_nk_cell_ifn_gamma,1
pb.isg_cd56dim_nk_cell_il2_stat5,1
pb.isg_cd56dim_nk_cell_il6_jak_stat3,1
pb.isg_cd56dim_nk_cell_inflammatory,1
pb.isg_cd56dim_nk_cell_tnfa_nfkb,1
pb.isg_cdc2_ifn_alpha,1
pb.isg_cdc2_ifn_gamma,1
pb.isg_cdc2_il2_stat5,1
pb.isg_cdc2_il6_jak_stat3,1
pb.isg_cdc2_inflammatory,1
pb.isg_cdc2_tnfa_nfkb,1
pb.isg_mait_ifn_alpha,1
pb.isg_mait_ifn_gamma,1
pb.isg_mait_il2_stat5,1
pb.isg_mait_il6_jak_stat3,1
pb.isg_mait_inflammatory,1
pb.isg_mait_tnfa_nfkb,1
pb.isg_memory_cd4_t_cell_ifn_alpha,1
pb.isg_memory_cd4_t_cell_ifn_gamma,1
pb.isg_memory_cd4_t_cell_il2_stat5,1
pb.isg_memory_cd4_t_cell_il6_jak_stat3,1
pb.isg_memory_cd4_t_cell_inflammatory,1
pb.isg_memory_cd4_t_cell_tnfa_nfkb,1
pb.isg_memory_cd8_t_cell_ifn_alpha,1
pb.isg_memory_cd8_t_cell_ifn_gamma,1
pb.isg_memory_cd8_t_cell_il2_stat5,1
pb.isg_memory_cd8_t_cell_il6_jak_stat3,1
pb.isg_memory_cd8_t_cell_inflammatory,1
pb.isg_memory_cd8_t_cell_tnfa_nfkb,1
pb.isg_naive_b_cell_ifn_alpha,1
pb.isg_naive_b_cell_ifn_gamma,1
pb.isg_naive_b_cell_il2_stat5,1
pb.isg_naive_b_cell_il6_jak_stat3,1
pb.isg_naive_b_cell_inflammatory,1
pb.isg_naive_b_cell_tnfa_nfkb,1
pb.isg_naive_cd4_t_cell_ifn_alpha,1
pb.isg_naive_cd4_t_cell_ifn_gamma,1
pb.isg_naive_cd4_t_cell_il2_stat5,1
pb.isg_naive_cd4_t_cell_il6_jak_stat3,1
pb.isg_naive_cd4_t_cell_inflammatory,1
pb.isg_naive_cd4_t_cell_tnfa_nfkb,1
pb.isg_naive_cd8_t_cell_ifn_alpha,1
pb.isg_naive_cd8_t_cell_ifn_gamma,1
pb.isg_naive_cd8_t_cell_il2_stat5,1
pb.isg_naive_cd8_t_cell_il6_jak_stat3,1
pb.isg_naive_cd8_t_cell_inflammatory,1
pb.isg_naive_cd8_t_cell_tnfa_nfkb,1
pb.klrb1_memory_cd4_treg_ifn_alpha,1
pb.klrb1_memory_cd4_treg_ifn_gamma,1
pb.klrb1_memory_cd4_treg_il2_stat5,1
pb.klrb1_memory_cd4_treg_il6_jak_stat3,1
pb.klrb1_memory_cd4_treg_inflammatory,1
pb.klrb1_memory_cd4_treg_tnfa_nfkb,1
pb.klrb1_memory_cd8_treg_ifn_alpha,1
pb.klrb1_memory_cd8_treg_ifn_gamma,1
pb.klrb1_memory_cd8_treg_il2_stat5,1
pb.klrb1_memory_cd8_treg_il6_jak_stat3,1
pb.klrb1_memory_cd8_treg_inflammatory,1
pb.klrb1_memory_cd8_treg_tnfa_nfkb,1
pb.klrf1_effector_vd1_gdt_ifn_alpha,1
pb.klrf1_effector_vd1_gdt_ifn_gamma,1
pb.klrf1_effector_vd1_gdt_il2_stat5,1
pb.klrf1_effector_vd1_gdt_il6_jak_stat3,1
pb.klrf1_effector_vd1_gdt_inflammatory,1
pb.klrf1_effector_vd1_gdt_tnfa_nfkb,1
pb.klrf1_gzmb_cd27_em_cd8_t_cell_ifn_alpha,1
pb.klrf1_gzmb_cd27_em_cd8_t_cell_ifn_gamma,1
pb.klrf1_gzmb_cd27_em_cd8_t_cell_il2_stat5,1
pb.klrf1_gzmb_cd27_em_cd8_t_cell_il6_jak_stat3,1
pb.klrf1_gzmb_cd27_em_cd8_t_cell_inflammatory,1
pb.klrf1_gzmb_cd27_em_cd8_t_cell_tnfa_nfkb,1
pb.klrf1_gzmb_cd27_memory_cd4_t_cell_ifn_alpha,1
pb.klrf1_gzmb_cd27_memory_cd4_t_cell_ifn_gamma,1
pb.klrf1_gzmb_cd27_memory_cd4_t_cell_il2_stat5,1
pb.klrf1_gzmb_cd27_memory_cd4_t_cell_il6_jak_stat3,1
pb.klrf1_gzmb_cd27_memory_cd4_t_cell_inflammatory,1
pb.klrf1_gzmb_cd27_memory_cd4_t_cell_tnfa_nfkb,1
pb.memory_cd4_treg_ifn_alpha,1
pb.memory_cd4_treg_ifn_gamma,1
pb.memory_cd4_treg_il2_stat5,1
pb.memory_cd4_treg_il6_jak_stat3,1
pb.memory_cd4_treg_inflammatory,1
pb.memory_cd4_treg_tnfa_nfkb,1
pb.memory_cd8_treg_ifn_alpha,1
pb.memory_cd8_treg_ifn_gamma,1
pb.memory_cd8_treg_il2_stat5,1
pb.memory_cd8_treg_il6_jak_stat3,1
pb.memory_cd8_treg_inflammatory,1
pb.memory_cd8_treg_tnfa_nfkb,1
pb.naive_cd4_treg_ifn_alpha,1
pb.naive_cd4_treg_ifn_gamma,1
pb.naive_cd4_treg_il2_stat5,1
pb.naive_cd4_treg_il6_jak_stat3,1
pb.naive_cd4_treg_inflammatory,1
pb.naive_cd4_treg_tnfa_nfkb,1
pb.naive_vd1_gdt_ifn_alpha,1
pb.naive_vd1_gdt_ifn_gamma,1
pb.naive_vd1_gdt_il2_stat5,1
pb.naive_vd1_gdt_il6_jak_stat3,1
pb.naive_vd1_gdt_inflammatory,1
pb.naive_vd1_gdt_tnfa_nfkb,1
pb.pdc_ifn_alpha,1
pb.pdc_ifn_gamma,1
pb.pdc_il2_stat5,1
pb.pdc_il6_jak_stat3,1
pb.pdc_inflammatory,1
pb.pdc_tnfa_nfkb,1
pb.plasma_cell_ifn_alpha,1
pb.plasma_cell_ifn_gamma,1
pb.plasma_cell_il2_stat5,1
pb.plasma_cell_il6_jak_stat3,1
pb.plasma_cell_inflammatory,1
pb.plasma_cell_tnfa_nfkb,1
pb.platelet_ifn_alpha,1
pb.platelet_ifn_gamma,1
pb.platelet_il2_stat5,1
pb.platelet_il6_jak_stat3,1
pb.platelet_inflammatory,1
pb.platelet_tnfa_nfkb,1
pb.proliferating_nk_cell_ifn_alpha,1
pb.proliferating_nk_cell_ifn_gamma,1
pb.proliferating_nk_cell_il2_stat5,1
pb.proliferating_nk_cell_il6_jak_stat3,1
pb.proliferating_nk_cell_inflammatory,1
pb.proliferating_nk_cell_tnfa_nfkb,1
pb.proliferating_t_cell_ifn_alpha,1
pb.proliferating_t_cell_ifn_gamma,1
pb.proliferating_t_cell_il2_stat5,1
pb.proliferating_t_cell_il6_jak_stat3,1
pb.proliferating_t_cell_inflammatory,1
pb.proliferating_t_cell_tnfa_nfkb,1
pb.sox4_naive_cd4_t_cell_ifn_alpha,1
pb.sox4_naive_cd4_t_cell_ifn_gamma,1
pb.sox4_naive_cd4_t_cell_il2_stat5,1
pb.sox4_naive_cd4_t_cell_il6_jak_stat3,1
pb.sox4_naive_cd4_t_cell_inflammatory,1
pb.sox4_naive_cd4_t_cell_tnfa_nfkb,1
pb.sox4_naive_cd8_t_cell_ifn_alpha,1
pb.sox4_naive_cd8_t_cell_ifn_gamma,1
pb.sox4_naive_cd8_t_cell_il2_stat5,1
pb.sox4_naive_cd8_t_cell_il6_jak_stat3,1
pb.sox4_naive_cd8_t_cell_inflammatory,1
pb.sox4_naive_cd8_t_cell_tnfa_nfkb,1
pb.sox4_vd1_gdt_ifn_alpha,1
pb.sox4_vd1_gdt_ifn_gamma,1
pb.sox4_vd1_gdt_il2_stat5,1
pb.sox4_vd1_gdt_il6_jak_stat3,1
pb.sox4_vd1_gdt_inflammatory,1
pb.sox4_vd1_gdt_tnfa_nfkb,1
pb.transitional_b_cell_ifn_alpha,1
pb.transitional_b_cell_ifn_gamma,1
pb.transitional_b_cell_il2_stat5,1
pb.transitional_b_cell_il6_jak_stat3,1
pb.transitional_b_cell_inflammatory,1
pb.transitional_b_cell_tnfa_nfkb,1
pb.type_2_polarized_memory_b_cell_ifn_alpha,1
pb.type_2_polarized_memory_b_cell_ifn_gamma,1
pb.type_2_polarized_memory_b_cell_il2_stat5,1
pb.type_2_polarized_memory_b_cell_il6_jak_stat3,1
pb.type_2_polarized_memory_b_cell_inflammatory,1
pb.type_2_polarized_memory_b_cell_tnfa_nfkb,1
wb.adipogenesis,1
wb.allograft_rejection,1
wb.androgen_response,1
wb.angiogenesis,1
wb.apical_junction,1
wb.apical_surface,1
wb.apoptosis,1
wb.bile_acid_metabolism,1
wb.cholesterol_homeostasis,1
wb.coagulation,1
wb.complement,1
wb.dna_repair,1
wb.e2f_targets,1
wb.epithelial_mesenchymal_transition,1
wb.estrogen_response_early,1
wb.estrogen_response_late,1
wb.fatty_acid_metabolism,1
wb.g2_m_checkpoint,1
wb.glycolysis,1
wb.hedgehog_signaling,1
wb.heme_metabolism,1
wb.hypoxia,1
wb.il_2_stat5_signaling,1
wb.il_6_jak_stat3_signaling,1
wb.inflammatory_response,1
wb.interferon_alpha_response,1
wb.interferon_gamma_response,1
wb.kras_signaling_dn,1
wb.kras_signaling_up,1
wb.mitotic_spindle,1
wb.mtorc1_signaling,1
wb.myc_targets_v1,1
wb.myc_targets_v2,1
wb.myogenesis,1
wb.notch_signaling,1
wb.oxidative_phosphorylation,1
wb.p53_pathway,1
wb.pancreas_beta_cells,1
wb.pi3k_akt_mtor_signaling,1
wb.pperoxisome,1
wb.protein_secretion,1
wb.reactive_oxygen_species_pathway,1
wb.spermatogenesis,1
wb.tgf_beta_signaling,1
wb.tnf_alpha_signaling_via_nf_kb,1
wb.unfolded_protein_response,1
wb.uv_response_dn,1
wb.uv_response_up,1
wb.wnt_beta_catenin_signaling,1
wb.xenobiotic_metabolism,1
