subject.subjectGuid,sample.sampleKitGuid,wb.adipogenesis,wb.allograft_rejection,wb.androgen_response,wb.angiogenesis,wb.apical_junction,wb.apical_surface,wb.apoptosis,wb.bile_acid_metabolism,wb.cholesterol_homeostasis,wb.coagulation,wb.complement,wb.dna_repair,wb.e2f_targets,wb.epithelial_mesenchymal_transition,wb.estrogen_response_early,wb.estrogen_response_late,wb.fatty_acid_metabolism,wb.g2_m_checkpoint,wb.glycolysis,wb.hedgehog_signaling,wb.heme_metabolism,wb.hypoxia,wb.il_2_stat5_signaling,wb.il_6_jak_stat3_signaling,wb.inflammatory_response,wb.interferon_alpha_response,wb.interferon_gamma_response,wb.kras_signaling_dn,wb.kras_signaling_up,wb.mitotic_spindle,wb.mtorc1_signaling,wb.myc_targets_v1,wb.myc_targets_v2,wb.myogenesis,wb.notch_signaling,wb.oxidative_phosphorylation,wb.p53_pathway,wb.pancreas_beta_cells,wb.pi3k_akt_mtor_signaling,wb.pperoxisome,wb.protein_secretion,wb.reactive_oxygen_species_pathway,wb.spermatogenesis,wb.tgf_beta_signaling,wb.tnf_alpha_signaling_via_nf_kb,wb.unfolded_protein_response,wb.uv_response_dn,wb.uv_response_up,wb.wnt_beta_catenin_signaling,wb.xenobiotic_metabolism,wb.low_lib_flag
BR1001,KT00001,0.4438395129981246,0.456473781386741,0.4296507212103512,0.1266530880334752,0.1521339503813378,0.1885489502503587,0.4501632575282641,0.19856688087567456,0.40021798533577463,0.09645704962250046,0.4030213550201183,0.533986772022885,0.45343695888040947,0.04955734364243595,0.2198319412763583,0.18256903429415208,0.4176964529223866,0.431267316797671,0.33297998595851686,0.15839831745888397,0.520441446942753,0.3315342028514286,0.43074744684923566,0.4242238286794493,0.3266604352588775,0.6015923780351539,0.5774441583740134,-0.13887726480822815,0.23400961280338298,0.47683593837024835,0.5372934859574575,0.6184726781777029,0.5464408425306126,0.0921942765846099,0.3788658087085973,0.5940698338640721,0.4392796911149366,-0.16786440023066077,0.47338861977303026,0.4052148644737391,0.5541107309062522,0.6062481764103321,0.03205982014489629,0.4398308524050359,0.4352252758800133,0.552955572609335,0.30138915171101677,0.3762525781381829,0.32146772434797494,0.24629798233229944,False
BR1002,KT00002,0.46447453153901513,0.47791253101731135,0.4843450436058532,0.1850927649305565,0.26240289383114324,0.27194453843638916,0.4734777028631351,0.2611004135121245,0.45195057149125667,0.18647929260057283,0.41739327999170633,0.5529244227970221,0.5022451009899016,0.16433505109201357,0.30223944712028916,0.25307508294024444,0.43532903691854513,0.4874428192477978,0.35684628721869055,0.2271539718685815,0.5224654800309076,0.3320233925795491,0.4626550732360516,0.4674289993873409,0.3522106165317838,0.5969888676197003,0.5753172340659873,0.0012287020485095474,0.2778514116353901,0.5005311549514109,0.5569712424477881,0.6216783259352598,0.5568464228414785,0.18145065159137505,0.3723431733942593,0.5983059359530422,0.4587555027967208,-0.07917066922480137,0.5082752119448706,0.4338550064230836,0.5453109158600524,0.6030950561464092,0.10365906738379005,0.44271527351026624,0.4810322962022381,0.5527452470292763,0.3207913520292245,0.39609698306978824,0.46404125872992547,0.3043286246139753,False
BR1003,KT00003,0.45073688349103713,0.46295645628588017,0.4574359888727603,0.10844750094255905,0.202750829687,0.19736346396082852,0.47721014296022174,0.23916311501193332,0.44833577388375734,0.10435544106571498,0.4121893081919297,0.5369075986241036,0.46351242265695786,0.06471935325103957,0.23348822453158297,0.23083222921070448,0.42819777482243815,0.46047489819082055,0.33769720498970657,0.12749552111781737,0.5201338008137748,0.3286061459469584,0.4552328797020585,0.45364659252846884,0.34147050283199065,0.6203143423117164,0.6009871137826208,-0.08102683585670034,0.26511969292360066,0.47153039209635805,0.5555512319746647,0.6147631270120328,0.5418594539281693,0.13509943568513225,0.38345565872286813,0.5872469008441591,0.4512865764205121,-0.12061706337037031,0.49906716849615823,0.3923552103144451,0.5381534018163587,0.5977126151486414,0.014861329568175322,0.4709428156291364,0.4477676935281926,0.5552604297011048,0.28902194627793176,0.3755524096324301,0.38063948720449986,0.24228712209378392,False
BR1004,KT00004,0.4374256019713017,0.46964145928690937,0.43780561839710563,0.08557413387516087,0.14591066738772793,0.14704472791882942,0.4534400847917289,0.19908996192940842,0.40016875088599857,0.08090643298296857,0.39373523510017894,0.5354401023031591,0.40928668033608434,0.004239762433856115,0.1994725517974143,0.1756265800505611,0.3876652090332663,0.3953988767129487,0.2599712282514131,0.013700201402610525,0.5115796497940579,0.2783735088532293,0.41850469612069835,0.43006559218101564,0.3180852788407611,0.5827370989116843,0.561345895878283,-0.1567232963984175,0.2262084260551098,0.4577611785814481,0.5187748496083155,0.6181343680133973,0.5214234303060794,0.04844826059469433,0.3221932488745208,0.5986466555021481,0.4131797243707009,-0.1188644986489208,0.47652240877002927,0.3743827424158997,0.5281797586370035,0.5854816722258854,-0.020738181960172547,0.4527863388747382,0.4225705140560393,0.5522623609947015,0.27505797334597437,0.3775457192822259,0.2948992941097488,0.2477813944668013,False
BR1005,KT00006,0.44365866549984995,0.4639821556365208,0.4314946726063926,0.18090539613400825,0.18999290409025568,0.1960384322527637,0.4397434249951612,0.22395895976288166,0.39633391261478434,0.05336014433601956,0.39970335979792665,0.5246361947349962,0.4174617796667873,0.0381286839647448,0.23708886788243994,0.20000470559808456,0.41639128573425166,0.39472727140027825,0.32370077022509036,0.12903338123419372,0.5169295177522648,0.3259560031359921,0.4244032154341436,0.45222348766254944,0.3265521203450714,0.591833558101202,0.5756537740643783,-0.1479978126293084,0.23990005751014895,0.43735457172146497,0.5341272062786577,0.6025064369357562,0.5098295294299054,0.11813024604404952,0.3807935319933134,0.5883903273842391,0.4445205360536471,-0.14511843602696284,0.4726288581873909,0.4201863129708297,0.5545613104302817,0.5969202258044419,-0.011101275357058562,0.3968337400618842,0.41544858178638994,0.5267287626378333,0.22142976148758764,0.3656744964422217,0.44614259982051885,0.2480360602652893,False
BR1006,KT00010,0.46416931423717844,0.48744732396451124,0.46999183981886133,0.2018279710572579,0.29501102500044163,0.31788613087133466,0.4672403802368419,0.26776407424954934,0.457278831680635,0.19626223282982225,0.4387627579457269,0.541193238267611,0.49946939238363997,0.20711169251341136,0.28248358273653457,0.2516721022173437,0.4362297034974169,0.48067332750916025,0.34719469418643933,0.2104071457733048,0.5364010286998383,0.39136906504282326,0.45168256338354096,0.4653711136641053,0.3940521458342512,0.5898506663393095,0.5695450885000093,-0.003768683650202607,0.31146400273710845,0.484424398256286,0.5542954235848419,0.6256955371645034,0.5565418139835469,0.1804514549312682,0.42062932025805,0.5971868978774766,0.46388361920594234,-0.0779785637504092,0.49537580516489904,0.4276192020035921,0.5658545661481451,0.5989395554085297,0.06521093386970911,0.5217384989461732,0.44540227979389097,0.5372131035674166,0.36226442980896184,0.38194920993182285,0.446304620811486,0.2973050623881941,False
BR1008,KT00012,0.45118470363458646,0.468644799210871,0.4603609840782957,0.16476566235795598,0.21161401213577513,0.17908325062470745,0.4379752270733083,0.23298034792118677,0.4078657461132145,0.13076153828154954,0.40947555703099736,0.5431597852227669,0.5063964086383279,0.10913756956314905,0.25606044484186563,0.24323153608092996,0.4410080389890992,0.4775697039462022,0.36988202670297554,0.18053581745046487,0.536574383290969,0.3354100605332404,0.4375507185566807,0.42184978815124097,0.33099397756299986,0.5779856308275032,0.5731940594129235,-0.10116655793964181,0.26264158716938135,0.48324108278880196,0.5689529205430758,0.6195837837515238,0.5589463606631395,0.1604855657572295,0.3554078933666833,0.5923586301260504,0.4594764857875499,-0.14688078716256478,0.4990636411813139,0.4139278702137098,0.5545854400245935,0.5961360308858242,0.0009144838524617222,0.5017966321430366,0.43968435247534576,0.5511976121872014,0.337000490376467,0.41547722570320716,0.44885041433970413,0.26849489909264435,False
BR1007,KT00014,0.4611479641807529,0.4765986066191881,0.47957745584742734,0.18541009411119191,0.23404266479823194,0.28021440478997817,0.4841095128891383,0.2644500394834201,0.44093378063971145,0.13740000990894446,0.4365892555686008,0.5353696852853292,0.5024446226175256,0.14589263599316296,0.2687850586951953,0.2433053239328693,0.43321849429281584,0.490581532819662,0.36848728918471596,0.21745319313701217,0.5126466980899917,0.3287378884653227,0.46212999559254103,0.46595621450429475,0.3805371648115807,0.5916896298799647,0.5790271615191461,-0.06021231366318443,0.2690322404391255,0.5005508399473863,0.5582595416028884,0.6239405345048807,0.5388083520105296,0.16658131997996597,0.3761092777292572,0.5911920955600763,0.4439034742398174,-0.07373664783586734,0.4971842514173149,0.42411731817873644,0.5534848410281972,0.5974459397137574,0.06875981726821448,0.4573068829669802,0.46272061874954906,0.5410606855283794,0.370468632991164,0.4113809646572191,0.4447611090902638,0.29811222975387924,False
BR2003,KT00015,0.46178552130398065,0.5014664518798091,0.48729368865529077,0.16237249512186894,0.2652847914595366,0.2598700365581032,0.4943809111948109,0.2554770286372063,0.43472416019989474,0.18138909695471173,0.47188146100338735,0.5410979544227634,0.4906309986832653,0.1750465854976202,0.2833488424822004,0.2694490982127994,0.4544275310042877,0.48308391939564505,0.36189849912279753,0.23986838271207306,0.5452292989573724,0.38533086864260746,0.482663240657809,0.45427080941474135,0.3645632955719584,0.6066313139559097,0.5851095460263315,-0.040226917457438956,0.3261878666124038,0.47411715132551097,0.55995796268111,0.6228439752847017,0.5582651405538918,0.1955308483486879,0.37596649580814756,0.5983374085773278,0.4713041270746746,-0.07029778626018014,0.49655451346702423,0.4240810803177573,0.569434686988553,0.6032925513357043,0.09100417373891292,0.5140693942052991,0.4821580716638761,0.5507237116608759,0.3634128640553804,0.4282428037552904,0.4621611275118769,0.3317510849731288,False
BR2002,KT00016,0.46679849107670357,0.463340967469691,0.49565985589855527,0.1926473205742159,0.22438534726925058,0.21362899038275476,0.4881930998334291,0.23526762477639496,0.4455130729094847,0.14462627070950393,0.41495977109977605,0.5347656355994866,0.4803310354845664,0.13616727476961932,0.2709912552626307,0.2520748163349697,0.41443010363185445,0.4669144998723533,0.36055376392988797,0.2578707626686629,0.5394827985141138,0.36689942999285635,0.4578827837232644,0.45343704567583704,0.35727178225212697,0.5884690040276628,0.5656833870824377,-0.054372887629390784,0.2833859388078326,0.4875794416553124,0.5569248286191627,0.6163499900900589,0.5380363035237271,0.13790997990228654,0.3150269651977137,0.5961988778776616,0.43789691142300724,-0.09028459314163209,0.5029390724091156,0.4066853438275224,0.5675320895088722,0.592511547327791,0.015848075350291653,0.47775379012765745,0.4389980313078478,0.5435917558125349,0.3071893128305347,0.3696836568286416,0.3845681814968809,0.2607368672147613,False
BR1010,KT00022,0.456509470934758,0.46526791347810864,0.4620013326855269,0.21195121591326496,0.1976241780621436,0.24422675717389514,0.4586520864917932,0.23337490608324057,0.44690870879945094,0.1318513188969434,0.4197959532655838,0.5376177349364918,0.4998417214742379,0.0694110816936323,0.2272141807454039,0.22855474587512348,0.4343802463341193,0.4810141231943312,0.34601803668216863,0.09924172251122465,0.5217198625224384,0.3301710518473399,0.46448470423568644,0.43967755616969506,0.36082048242090176,0.5917189407050985,0.5712600191541142,-0.11752609173993152,0.27822532393775085,0.4908650503149808,0.5583304584753981,0.6185732380825313,0.5611062423031081,0.09933224040230422,0.3491299397560075,0.5891007170062014,0.4403031772038626,-0.12306838573084276,0.47724276716721925,0.4298722821031657,0.5475631750691639,0.5964546202505532,0.028790540267443893,0.4430033120030839,0.43619710538603323,0.5447978861892182,0.3007926044663801,0.38150214389637627,0.39954630293507837,0.27860060987174573,False
BR1009,KT00023,0.4357659244972916,0.4827998048864916,0.4634120793112768,0.09313734148353316,0.19732776050337317,0.19046660347143154,0.4776108502292752,0.24197835250355212,0.43103668722110894,0.12031124515800518,0.4180526570251644,0.5293210694941518,0.4936434463499619,0.10321482750448795,0.2604591391760293,0.22937359963081477,0.4169006127175945,0.4751100830997339,0.3381538771143192,0.18272415046153848,0.5074167930173468,0.3478748700441268,0.45359368060370964,0.4553876781195022,0.3548476249704997,0.5910081595895963,0.5817741175864263,-0.13026183039148653,0.27964569336314055,0.5028896611142402,0.5429901855798076,0.6156125269287751,0.5610672320903854,0.13010897966226273,0.37421097072012993,0.6017043209257134,0.43113009411466224,-0.1157193935915537,0.48514376328505787,0.3974480285945576,0.5563933768122957,0.5991897923907954,0.002774973912313001,0.4619330657788888,0.45486841124746696,0.5520653706299299,0.30341970564596304,0.37083783940603043,0.40530978379900406,0.23536791810126387,False
BR1011,KT00025,0.4446696579757338,0.4650511117895932,0.4469376988780899,0.10450036736543512,0.21552443858621434,0.20739863514477525,0.4626629335258474,0.24074212209371182,0.44361792315133436,0.09215040327338088,0.3950127180803849,0.5405428379126329,0.482860167759071,0.08637475875482828,0.21964126166995276,0.22363132714396017,0.4366836205735699,0.45860688839782815,0.3371687583097012,0.07114989044033208,0.5350360350843525,0.3210649649363864,0.45542398649467053,0.4387236058198703,0.3286928028771011,0.5887976525483812,0.5757414591492275,-0.1509578103155917,0.24999076241438034,0.4686950898971223,0.5449701900697984,0.6175977142446727,0.5667693413922843,0.14071378174498328,0.3591592612960684,0.5898900900083202,0.4311047692544016,-0.14572520132327868,0.49953911012653524,0.4119298640442537,0.542968331647462,0.5986747418645423,0.0058309277936655236,0.44562381073312335,0.4408228208371676,0.5371509248791807,0.29748579545825843,0.3822334897294539,0.32245304461738317,0.2584144032068752,False
BR1012,KT00026,0.4562661656619873,0.4769212885986264,0.453565856950048,0.1491698545949534,0.24712798910040595,0.22978677545050608,0.4592594864305146,0.26674781567448225,0.42762735251739914,0.1657186815798416,0.42068862309180644,0.5453219233132749,0.4750670724903228,0.0961276134046686,0.2638675567068782,0.23902080659369726,0.4310248206613772,0.45829143303951625,0.3429415015414718,0.19837094053102286,0.5077135288860797,0.33672800778355,0.4505573852666709,0.4396702098493817,0.37981700453105127,0.5963435007558362,0.5864392884035067,-0.09135506645135574,0.30674595999582416,0.47031978181723305,0.5603825650991742,0.6165354047917526,0.5503770760472257,0.16908375053716046,0.3292820313962305,0.592280062490538,0.45517775744249134,-0.12574256796677888,0.49596339057103506,0.42524327526669675,0.5559036604235127,0.5986446977960765,0.07296717723135845,0.4804692425484814,0.45844073637791877,0.5492708409667617,0.3102449515072462,0.37904651622676616,0.3876449791370414,0.28191243645754166,False
BR1013,KT00030,,,,,,,,,,,,,,,,,,,,,,,,,,,,,,,,,,,,,,,,,,,,,,,,,,,True
BR1014,KT00031,0.4674524666969415,0.46449146707637595,0.4852494773965643,0.13765731277939425,0.19691494417778077,0.2384589683113588,0.4742381273519638,0.24098643729955554,0.4199986865483544,0.11882977592159102,0.41788041726745495,0.5308665648546523,0.47302398947425534,0.08987143934498468,0.2750074159444453,0.23319114942339342,0.43942028797898297,0.4412293652951128,0.3460764702026565,0.1775876723837943,0.5122374264195735,0.34264378814720015,0.4579463933308537,0.44459608416680935,0.340156276405792,0.6272279740219158,0.5950998152868388,-0.10101510889635351,0.265813758272441,0.4698878005151864,0.5385256526850929,0.6103736671577634,0.5357302143060593,0.15621703337317602,0.31661712415206766,0.5893389524504956,0.4501963291370208,-0.17026934987841277,0.4946220829769446,0.4118289782245518,0.5608097629086929,0.5924926361541296,0.028273982630096783,0.47277203390571393,0.4402570262808852,0.5537309619108778,0.32363650171430136,0.389989238552073,0.420927551211581,0.27471673994120577,False
BR1018,KT00041,0.45692295274954847,0.47595864008201905,0.4553451008425729,0.13713880667346817,0.2026456906136525,0.19647516020153258,0.4850590169581263,0.22365719535093018,0.4706086210491769,0.1267836806748953,0.41030299632795914,0.536631042773862,0.4907696128868751,0.07306975782668981,0.21504237517569832,0.21027506317567066,0.41827552800608053,0.46763545238802706,0.34675241204711316,0.1010772402274505,0.5233948909775309,0.3489286028785157,0.45796116566948103,0.4353324796492902,0.3618279299860587,0.5901310497325725,0.5679879082829784,-0.12422926251441972,0.27647263342783124,0.4878912164377981,0.5542935109698338,0.6177038384088009,0.5509848362312587,0.13236716328812143,0.38013336450159885,0.5871405452407499,0.45340013436278137,-0.1472696389766982,0.48976970934063124,0.41712745372489457,0.5634229629381492,0.5990745241231914,0.03543131905520754,0.4871881746690883,0.4540785128111694,0.5438240778695359,0.31687208682912493,0.3755378333655052,0.3752652619567482,0.25931860862958744,False
BR1033,KT00166,0.4562641859701925,0.4777377089675653,0.45235466315314943,0.16183006891318633,0.23058095742895005,0.26283451190881785,0.45823145695352197,0.25211529458339094,0.40392174323574365,0.13788213723895074,0.43514429115478387,0.5381373053748997,0.5148767798876975,0.09475265120426529,0.265398426570981,0.25150724616072595,0.4365322270463677,0.4981922412205325,0.3502487001404361,0.15424682436516785,0.5153287124184811,0.3351980914982674,0.4560020037325043,0.4624774095475632,0.3393479122420158,0.5783837613660027,0.5689982579234042,-0.09570906532550207,0.2783698148919707,0.48732815329287965,0.5483794007861714,0.6215534862315201,0.5622089189500846,0.15731824401661412,0.3514308702589942,0.5965634733252606,0.4637775748563569,-0.13966447668075604,0.49015058246850707,0.4264967174632779,0.5638381051342854,0.5944232581113121,0.05189704360850718,0.4732330131103862,0.48077842432093726,0.5587742913356615,0.29831662506955164,0.38938594579959485,0.3746658362448742,0.2541606547550391,False
BR2009,KT00334,0.45806541657647876,0.45747738096192675,0.47212297211188037,0.1869075156200752,0.23970454672715333,0.2399928040836588,0.47194335786443037,0.2551408979640992,0.4234807147906474,0.1368610786587151,0.4113225602044771,0.5445975974395934,0.49482278089048426,0.09329297347663529,0.2818415139760068,0.2375896214757453,0.4412183041516861,0.46976664100602467,0.3363959280313056,0.24971179491005677,0.5198716876681844,0.36112081853064265,0.460738813831486,0.4449412329572407,0.3343909849609109,0.573878090073511,0.5580097595048471,-0.07609221232103122,0.2565524921744035,0.49960029179467935,0.5419942644030348,0.6144255347028891,0.5527881011607972,0.16508389010807176,0.3554373782986274,0.5970403068817828,0.47090991908215846,-0.06944322861047801,0.4960876350112701,0.4006783993396771,0.5628647644770064,0.6010465404028406,0.03168018302850415,0.488891131536826,0.4410775105929346,0.5388738432646618,0.3056042125415073,0.380796838423999,0.41194469337340295,0.2869664241637259,False
BR2038,KT00339,0.4525229804348668,0.4777506686035585,0.463521132423624,0.18024758061300952,0.1943003141134791,0.267145074292662,0.4735630484640011,0.2472826254490021,0.48215778128276876,0.11927419702800685,0.3988165181445569,0.5433019503717669,0.47433541531598833,0.09137848715560414,0.22739504730710802,0.21841120911685127,0.4314593783756172,0.4463629078270954,0.3175061184351824,0.09455930768476746,0.4998598912959702,0.343006308469259,0.47454384925889487,0.4497777707886606,0.36297993628473646,0.5930623499563795,0.573096309539121,-0.12578240683555122,0.2828161846112732,0.4689705542454736,0.5417852548949671,0.6142836059267812,0.5544744517577191,0.13180761971683125,0.34635969802448413,0.5911889383140981,0.4697455644716412,-0.07344471212148325,0.48685296223095514,0.4048314163451468,0.5538774989908817,0.5932989967794627,0.026660266922992296,0.5039088312546106,0.47206741200014274,0.5536662245863501,0.3056663283936879,0.3721952571523883,0.43755380567344965,0.27764810183818933,False
BR1037,KT00341,0.44493678476777543,0.4639007833712742,0.4574559278320231,0.13881320095676095,0.21735464708579535,0.2493620870774725,0.4497443437941478,0.24301846263608043,0.4306729295027307,0.110086202477446,0.40378150859659184,0.533244982002528,0.44458249174941966,0.0827263169732019,0.23764655912536523,0.18331379400363787,0.431058624974242,0.45501792023323306,0.34690242452946357,0.10356390373981597,0.528541907761412,0.3255723184775249,0.4385824711347148,0.4522081189435024,0.33908362846395074,0.5922694957612403,0.5803204663714928,-0.11770914042173651,0.2516919776725303,0.48403520896258356,0.54790857548572,0.6077342613758426,0.5361907016838062,0.12207130635532087,0.40856939910470524,0.5904497970285996,0.45572869742246624,-0.12828227112587326,0.4898447713713713,0.4023924419988266,0.5445324814630007,0.6047240342314968,-0.029604433741504427,0.47891775296111966,0.457792216029081,0.5433308026127222,0.29988281989644744,0.40291742144173953,0.3587205077636083,0.27064916525615046,False
BR2025,KT00342,0.45780785359361365,0.4883326841126694,0.45712818466467814,0.16850186750969637,0.24644356049284427,0.23764245162412373,0.4708716305330628,0.22258454001650696,0.46629934831133135,0.17738348193051018,0.43354418363980857,0.5494268791933486,0.4993042772612092,0.11525465144045391,0.2535997143319029,0.2253410291859688,0.4134345015786475,0.4796116814184254,0.3575245628526517,0.2562047465125605,0.5130621935465067,0.3430192542017679,0.462093880472471,0.4223667065289024,0.3503698423333775,0.5865051354933817,0.5805382863412197,-0.09041156637002516,0.28303721164504386,0.49970149278045173,0.552825886967791,0.6139950527994548,0.5496416651183191,0.14589287245381236,0.4090429587772746,0.6054125534431629,0.46246525820169065,-0.14213323125194954,0.4878797813844321,0.4147754829762552,0.5562777997708689,0.6016919538025197,0.040519434088124036,0.44795318320271527,0.46686951234664387,0.5551752122285297,0.3017567888537817,0.38353404427131454,0.40005114916417667,0.28802711050942104,False
BR1031,KT00345,0.4696498387644173,0.4878592634194766,0.46712660157566616,0.23230474718519808,0.25688396033896427,0.3304624407268695,0.4772296989159419,0.2513170603699759,0.41383075173654466,0.1894498688508124,0.45917581818161707,0.5287083987102518,0.4672303929786101,0.1781515342436007,0.27997661187701145,0.24894803737400126,0.43307411834197146,0.45788883813155057,0.3548176604207155,0.2940486875879111,0.5279931322512025,0.3649338002227955,0.45879333988942295,0.4450551091691023,0.38712731419900376,0.5979638754819655,0.5564947721828715,-0.04940299268798138,0.316712149482792,0.5046140081904894,0.5455893262035074,0.6114048508116103,0.5615205625649233,0.19819939439819903,0.3248081242814094,0.5878021983900776,0.4721441130702959,-0.00754440096121378,0.504543021650778,0.41887314608860055,0.5425022556594558,0.6052938409525919,0.0957098222034152,0.48424648676041177,0.4668732436845907,0.5335381472347875,0.388741384143359,0.3946016628471988,0.3984654538425645,0.29541073663946993,False
BR1026,KT00347,0.44338955730394547,0.46437385734997183,0.46373988714789466,0.13376159701167545,0.22011276744367125,0.24339732698711683,0.457936037050973,0.2553679462745457,0.41744348316474206,0.1145333620452252,0.4180048809750318,0.5458267993369279,0.4920112398434427,0.0939021527786895,0.26991436339970215,0.2436085205543726,0.4283205681787743,0.4861491591721772,0.35492253658356177,0.17036336244191352,0.49506242780168974,0.33845148260336805,0.44741348168470907,0.4328439193865263,0.35334884998931515,0.5828645379835596,0.5588649710016328,-0.10238651161699562,0.26989659762745233,0.5001246006847794,0.5503060026649463,0.6274627630298808,0.5460041135853554,0.15323773669943894,0.3762617894597968,0.5961170223559987,0.45892709670961374,-0.11612449236391939,0.5051262437045058,0.4240469286487868,0.5443648840231694,0.5969209613807839,0.058887212445450414,0.45880399277924905,0.4504491677247409,0.5540420584383665,0.31029329850144255,0.4159967259701571,0.4404933368064548,0.25701091254351893,False
BR1025,KT00349,0.4819529630193086,0.49231033955453224,0.4825671777486003,0.21672523199696064,0.26020705603833083,0.2494012031011519,0.4850912568417353,0.28009248064247216,0.43396980819077374,0.19762022578431043,0.430008191852367,0.5483824374501326,0.49729068152552397,0.14281950506549212,0.26086906745827804,0.25055665677069855,0.4278623953630572,0.48616932581737343,0.37576438944450713,0.229514919494256,0.546951602645186,0.3515549886928609,0.4686107044582767,0.4732804041363922,0.39375062043625036,0.5990995050624619,0.5759345769214534,-0.004468147976756442,0.317072462480173,0.49388658856322426,0.5721938654412181,0.6202995661012448,0.5345857616601004,0.19159423258390004,0.4066638491802092,0.5850682340115124,0.45411808346705546,-0.09925051712953209,0.5130392223189563,0.40830599462355927,0.5553633347911712,0.5997888380350272,0.09345400556551378,0.48305810832326174,0.4670684203445124,0.5500531345594101,0.3670828647392768,0.3960983934655867,0.4239511230217675,0.2856758514940541,False
BR1024,KT00350,0.4287685895658794,0.4460116207278428,0.46061720651576066,0.1381935377774902,0.1719470806346521,0.137269620593848,0.4202475822474893,0.22950984717244577,0.42565606651452403,0.09410905652476012,0.38724364022146857,0.5258505489526487,0.4303759150090388,0.04475261969146094,0.20832519683503026,0.1832205045149602,0.4050525684776169,0.3999273494430256,0.2962588946551607,0.10880684549782998,0.5315283431579518,0.2996771676318193,0.4174671113138081,0.41392597994332103,0.28649139376093885,0.5865650599265312,0.5475694974637269,-0.1267868337527465,0.2151896775751292,0.4364319453454236,0.5307438800041998,0.6159479183803536,0.571804563241283,0.10150723950931184,0.3556054302302906,0.596442095610715,0.44679145571999335,-0.11789306004783004,0.47178487939006564,0.4022996273373753,0.5505579093996514,0.583630173610943,0.024073090258360977,0.44067356618731485,0.38947046170261984,0.5434952175160981,0.2563847810964235,0.35535269277427434,0.40726291569897705,0.23916347730650467,False
BR2010,KT00352,0.47303360597069616,0.4686398473282417,0.43631333940363315,0.14718921768326404,0.21682215007998304,0.22425536201637958,0.4740946583724364,0.24220261943865387,0.42413335196683377,0.16591092580260672,0.42336418026532147,0.5311217104728116,0.490110341635715,0.10249044134297536,0.22884988857685742,0.20220429830661918,0.42872185799075074,0.47929878620132293,0.34899347198558,0.16299374187106364,0.5214033746503522,0.35045426667099494,0.4708055950924109,0.436362203217267,0.34514324655835593,0.573902572690578,0.5714018129777874,-0.11987771100740544,0.2815026567660366,0.5015130346768744,0.554584017396064,0.6125481701123093,0.5506004003083821,0.15476042879198604,0.35087574618982087,0.5880936602789089,0.46668205215123676,-0.04514130992242848,0.4974709080424909,0.4258757216248248,0.557575611639283,0.5960517005681074,0.007528309230095281,0.44907520948023155,0.4528584482784209,0.540323638148999,0.3229482542058196,0.3925348892426156,0.3868398750762951,0.2712952396375278,False
BR2008,KT00353,0.4519022268655612,0.47123635992253976,0.44591335643773156,0.16675407268225473,0.23135373472336068,0.2306350949553665,0.45354159319118725,0.25428238328052777,0.4066728232755163,0.17569653682515787,0.4259417682368561,0.539057829413257,0.45840749171993994,0.12078758852187976,0.28157515369894814,0.2442069909480427,0.4389376574286927,0.454224059667627,0.30985696098998483,0.16946360976894287,0.5466467162045731,0.3342505379766194,0.4840385481010852,0.4382188194745532,0.35251737215960544,0.5769113776435678,0.5436211262928421,-0.09737523274966145,0.2719567171070582,0.4838877715663011,0.540034606483197,0.6166639731666566,0.5576287115841103,0.14177822217677727,0.4267660942412398,0.5974666805553661,0.45594002400329464,-0.11237026792017943,0.489758286952905,0.41067591987257224,0.5441094011907626,0.5851816705247196,0.060004288146436005,0.45641456029198507,0.4482643020864923,0.5442570626223888,0.30470642399651376,0.400180751339859,0.36350648297797317,0.27362168762115235,False
BR2013,KT00356,0.4543434911816551,0.467556493878348,0.4657619074051137,0.15716061827045155,0.2101820221614302,0.16007105322908327,0.4783489754958919,0.22093868430127406,0.4341245044257105,0.14412810646402785,0.42040783657618763,0.5405908267859095,0.5118709000498305,0.09095901543330275,0.24494892075596514,0.25392572023312954,0.42059304381928264,0.48877009243098724,0.35454840778085545,0.1279253585873356,0.5062207803116744,0.34513339566466805,0.4517238272220506,0.43049329180699364,0.3691319911803183,0.6103111401498811,0.5809732342234851,-0.049713119724563215,0.265475592472533,0.4922497925875912,0.553767480713057,0.6216784805348886,0.5546027754635573,0.12677569425861168,0.34913135880521107,0.5965422361311948,0.46641008481371016,-0.11875199179280094,0.48144379729961095,0.39015873705295856,0.5472152183996662,0.5968323313356988,0.02225736526731247,0.4566857128482916,0.45253056727920504,0.5410122686721204,0.2902324562484954,0.38070040766122953,0.3857337936508611,0.27301240006163574,False
BR1032,KT00357,0.44372217881506937,0.4759892814985566,0.45719844235449797,0.16498697996802994,0.19969408606910213,0.20111243428678,0.4938422193022659,0.23149380795131072,0.4748871448356408,0.10361562090743383,0.40199884904219163,0.538752877992682,0.5120158900338659,0.07671517276848602,0.22930759296920633,0.23434922495376784,0.436926097640388,0.5063125436274462,0.33138462722859874,0.20209435544183146,0.4958440993579483,0.35523913930303797,0.4632837721670497,0.4263868297201975,0.34453511566152034,0.586942599333334,0.5626277549623407,-0.12821846612709356,0.24491010708169503,0.514275281686192,0.5650890607287566,0.6242041550287643,0.5586972770819013,0.15220796428366148,0.3759950845867014,0.5925384083832348,0.4450838907111138,-0.16978314944898595,0.49185699740175126,0.414972978788566,0.5616714599538161,0.59219309947451,0.09622545095118082,0.48989842107217535,0.43790999453786494,0.5534833149876234,0.299410100652816,0.3684566854823552,0.45490493241469754,0.25591363198312167,False
BR1028,KT00362,0.4559663944358043,0.45289760872059476,0.4464356128276675,0.20044335830393642,0.21768050677633685,0.24409197449371972,0.45657986893347746,0.23992014764486488,0.44471607118645284,0.1630716596883984,0.4223615370588918,0.5434441821942497,0.48562585098459393,0.08784011726718946,0.27586409780164195,0.2670935679195403,0.4307525046478756,0.4891576881257763,0.34049705323537643,0.1806618285130598,0.5321404475355936,0.33184359072565217,0.47253282327029167,0.4473249666724042,0.35495974620927834,0.5989718150440262,0.5682480608118906,-0.09460784094418351,0.257444991449852,0.4849353550709771,0.5653624900634262,0.6250033850191183,0.5712787661313922,0.1696674545375433,0.4025165744624713,0.5915166292018762,0.4376315529926661,-0.11747647330889018,0.5024248364164088,0.39181243292624934,0.5453818775740884,0.5962370408715328,0.03529422339080732,0.47443229543626375,0.44712098662353755,0.549745397459626,0.3050181192997913,0.3875315722379892,0.3846244344429476,0.25471528872544813,False
BR1040,KT00363,0.46908009244242166,0.4701905172430158,0.474842049233142,0.21187684385089306,0.2193885010386953,0.22586117950246404,0.4736532156988388,0.25432449709401744,0.4612162518223012,0.1488517519579324,0.4203975326128739,0.5331628114914053,0.4937830577454115,0.09104662927732327,0.25690075196059703,0.2132486562556463,0.42608210144276365,0.47285935493222186,0.3686485095881352,0.24034085188332382,0.5125597690971264,0.3576417717027288,0.46006400791095553,0.4449778233359936,0.3591262146117581,0.5999991149296404,0.5726537446636099,-0.1037516573146139,0.27887788194176266,0.5031116653013158,0.5587071890620606,0.6098245549429396,0.5547739411071715,0.13710182417078134,0.3918637782003451,0.5959656892965792,0.44300528900789515,-0.11845093967821343,0.4888292000210722,0.41523671252087196,0.5561662368249554,0.5935263210352489,0.04558069433388705,0.4743791061400696,0.46831657040939645,0.5537971219920773,0.3257947734538265,0.3690507633392607,0.425223389664235,0.2875029189093033,False
BR1023,KT00365,0.451848244722095,0.4703554333996472,0.4468170802596492,0.17559634658924728,0.22213395954800916,0.2501091481192574,0.4629410072395873,0.2097844828964438,0.44299856487144146,0.14336110505669827,0.4098685683879378,0.5402906750759618,0.4618544343271679,0.09732817593909555,0.24187448701171946,0.23218144045777,0.42601792627337454,0.46813833505958147,0.3411360792779966,0.1825006654446564,0.5476042999673001,0.3364064215591571,0.4373997984647102,0.4248101992085363,0.3283723051136657,0.5955154125455949,0.5667487780014302,-0.06712076415854246,0.2603845466359855,0.4783726057840046,0.5498971102102677,0.6127847466244656,0.5631140689665021,0.11954081056658676,0.3707691534348726,0.5957488716222817,0.4484390152266821,-0.09986344598813617,0.4890548736047796,0.42630931052705406,0.539881370023466,0.6049077525204711,0.010969963080149685,0.43475424655554556,0.45286457210596176,0.5350452151071141,0.30954391840890455,0.3847089287369549,0.4212589908011721,0.26569646957944154,False
BR1019,KT00366,0.4343036719734587,0.46681632709823073,0.4629773495534106,0.15706683655286466,0.20453899540958093,0.2091143129829455,0.4626250088194699,0.21082325788599995,0.4301232104192145,0.13714678989737622,0.3919560784093886,0.5381074445940893,0.4755896043165512,0.05950429474324493,0.2406609683901972,0.230014172472966,0.42740976856257273,0.4508992767785961,0.30041483677898756,0.06593722719161034,0.4834926969024551,0.3178723552033608,0.4396341003372588,0.4395036819224413,0.353479763000461,0.598956874109166,0.5731911370841585,-0.11852540427184112,0.25185773694580643,0.46374133197198325,0.5469151260571496,0.6111582916477237,0.5482948676061533,0.12688565834358792,0.3211391197907515,0.6063049919363729,0.4498883590417627,-0.11966181255627513,0.48201061005657697,0.38878057918326,0.544627893510308,0.6025212967233484,-0.017339249919848504,0.4758031649913388,0.45713378015277867,0.5330283976049724,0.300782380366887,0.35629764252148,0.4051476242206949,0.2569398444950907,False
BR2005,KT00368,0.457238685394043,0.4914389989784004,0.4723123407491185,0.12854270370411303,0.2241482207512394,0.16277046142687793,0.49107426669809967,0.2438257903402179,0.45270404722869495,0.12902316142815035,0.42031909282903684,0.5505954426209666,0.4754194870015883,0.09428081084589623,0.2573058663914669,0.2334117913734969,0.4401003168342393,0.46142757750037766,0.3452935773847803,0.19413616481582271,0.5526415297394137,0.3441837076576387,0.46172723161599905,0.47243353576582314,0.35838291015302026,0.5859801502627169,0.5673418109612042,-0.10787813919602333,0.2715475782145905,0.48795983786561525,0.5645917203157105,0.61390298781654,0.5525984192132078,0.13908148715848243,0.3564864405845328,0.5999889200771442,0.4617658231192102,-0.08750356420801046,0.4958528068066427,0.41686009886886266,0.5348855869608194,0.6016904993826038,0.008915426948278415,0.5008468003733263,0.47477470739636723,0.5591041377232031,0.309566841864215,0.4167411054947278,0.42633447480214426,0.29657823009426004,False
BR2037,KT00369,0.4697228741186439,0.4771928213163959,0.45053744286758995,0.11088412100407671,0.2079680802273719,0.25336879396059425,0.4852996903022037,0.26064005798115913,0.4556123150198408,0.16939314719365517,0.4512358963472523,0.5412723693814361,0.5173579813732895,0.10658703840530048,0.27917102543038963,0.24915704756744225,0.42423884950728374,0.5013895887057449,0.33932439030566625,0.17046968248552963,0.5132402694689198,0.3455838131078573,0.46317518693526427,0.45890828045255133,0.3569905636935871,0.6352262490777686,0.5999965829263509,-0.07620505213620792,0.2599156316150646,0.5016573665929154,0.5432682239854878,0.6196231229738406,0.556419959939644,0.14523655477964237,0.3777576754613564,0.5966058166678132,0.44753952169989275,-0.14394166423105909,0.49327967757317803,0.43421231957961565,0.562548377989749,0.5949623256248665,0.048913528263180135,0.49936618160292867,0.4654270664184316,0.5666236323611822,0.314157926261407,0.40598410602443724,0.4230531509476178,0.313544873786583,False
BR2015,KT00377,0.4572286337161121,0.4677930834928924,0.44643886924811654,0.12163468274991525,0.20886469346661382,0.24817260298198496,0.46416040252191787,0.22772316424090416,0.3982524033142671,0.184794399327102,0.4277010890733239,0.5314380464049611,0.47852240695716847,0.05351204505802933,0.2665268096150374,0.22796998131218751,0.4308750794037806,0.4635453855528025,0.31768852566166034,0.10197058907120264,0.550706104894283,0.31172675843422126,0.4522550230018239,0.44658074138983933,0.330485415005878,0.5798543688937573,0.5613709583741723,-0.10731208701709986,0.2435681237870384,0.48430606191904346,0.5571036241526791,0.612020479711682,0.5348929898356638,0.10571681406746576,0.3845579160842798,0.5973776583547592,0.43306697767657104,-0.1436647934626158,0.4915428228463072,0.3947548950667248,0.5436171223611675,0.6050676040535397,0.014359170613530347,0.5065299758236145,0.4467065036380165,0.5425227046612651,0.29687832289337857,0.3857781377852973,0.3794059605236092,0.2696146190507536,False
BR2039,KT00383,0.45752613630212124,0.4703234956754124,0.45295064460802215,0.1955624428793324,0.22777374847369808,0.1988709930759494,0.48250533338960766,0.24673211787394292,0.45431896644795366,0.16294388492741124,0.4372467425058328,0.5347764028589221,0.5010044166728347,0.09304818580209007,0.273666452675022,0.23954685595982847,0.42909090134545796,0.4585785562123892,0.3261197921339315,0.1185496605033293,0.5348572065224136,0.31201417975702056,0.4705872084323204,0.4583229410033147,0.36448190456233714,0.5863596308231004,0.5632192166831145,-0.04415879539940904,0.29834050079389685,0.4855754219401499,0.551838973104622,0.6139647575476334,0.5587490598774251,0.17503765992334738,0.4128371872298306,0.5882255536250101,0.47801548213757283,-0.07298755395510052,0.48325462253828916,0.40346521129173063,0.5541053033640521,0.6026315821609358,0.09848162891787457,0.43927309211313664,0.47665342338273414,0.5521124402887986,0.3586402803083518,0.4193377699568996,0.3844437169996634,0.27414175589973305,False
BR1016,KT00384,0.4601005846409476,0.47213482244727484,0.43984057609289684,0.11895527265597455,0.1978161960197648,0.2224017176034397,0.46299841347781306,0.22462500347455813,0.42493587603801575,0.13298798796086136,0.4039123555018069,0.5439410096679808,0.45349184968497463,0.08457108724737537,0.22647669817238764,0.20042333217877437,0.41929849664808566,0.4468666269014855,0.32737965600638247,0.1516882730374695,0.5563875666165963,0.3068795314749232,0.4360528840525304,0.4293907438367148,0.3483462581244729,0.5786863323070021,0.572720296010744,-0.09671356259383894,0.26078844023038894,0.4894376330553358,0.5411917754696154,0.6011717019239519,0.5312450108505209,0.12911563731661574,0.39948051363761095,0.5871003084998417,0.44011829045022727,-0.12511965114491974,0.4876718615116416,0.39493523973692246,0.5420691767207243,0.6068457143668049,0.007835269156253252,0.45904908254212956,0.4172191387984948,0.5415385560614953,0.2894219445122535,0.3913734662729791,0.3588273420652977,0.24139430728250452,False
BR1043,KT00386,0.4667837561938036,0.4837102620285558,0.45561927536368096,0.1882230762378104,0.26466452846813837,0.20040143797235166,0.4604239007050436,0.2698111037416483,0.4638053802187195,0.16746935484249964,0.4326854031985677,0.541826066398984,0.49151139113733866,0.129433497187381,0.2794084439495276,0.22809239602675638,0.4263732205166557,0.4582559952727907,0.34694212444946637,0.20784875803324165,0.5071855552652895,0.35480062583369293,0.44789297726036204,0.44361621582890387,0.3674476314173161,0.598507469035877,0.5982134315420353,-0.05436334203148271,0.27580280435463467,0.49742130436779947,0.5539921489295183,0.6127262388251948,0.5515761496305052,0.17861948461218888,0.3427165027065524,0.5891945555511964,0.4399688960023163,-0.03061194860808986,0.4947530414288128,0.4195751062794467,0.5543717797916964,0.5980974845101938,0.06157947075417107,0.46955158286292,0.4641703213713938,0.5573258737333423,0.3332674540127489,0.39394867928934285,0.4236383516047296,0.2849057674922765,False
BR2035,KT00387,0.45187870126599583,0.4718203427265496,0.44927438122964486,0.07506738665518296,0.20465405131714232,0.2218671672993497,0.45876376345248115,0.18174164299204754,0.41868646568132245,0.13468704558513536,0.40496518366655126,0.5357416670371584,0.46007195608810336,0.06394736084087614,0.23725292434664105,0.21344184564888063,0.4271534901301656,0.44376187516109045,0.32306387352117616,0.18129520618907888,0.5495593646651346,0.3286862822198751,0.45070042543231803,0.41736627002899923,0.3118901809957665,0.575638569237287,0.5630442822903794,-0.138680066838328,0.244620267335341,0.47420639589516594,0.5430709524242544,0.6152244467946217,0.5715486915633576,0.1355748405540673,0.36552375028292716,0.5912367299009759,0.4560520524494138,-0.09264432752906464,0.487330714541453,0.3997218752935139,0.5323904320829881,0.5876267597275098,-0.021493205792925033,0.4558036330097963,0.44510621995924815,0.5414979369498807,0.3034825555006756,0.39291635697010946,0.3653274057315076,0.27259490824581434,False
BR2016,KT00388,0.4652908534076561,0.479163847117126,0.4866166599212175,0.1832194820712042,0.24029389066277626,0.17560070547330334,0.4869106308728429,0.2562571764091514,0.4399843921720981,0.10126248886213889,0.40983980909320095,0.530988853320558,0.4743146740220122,0.09395954989864912,0.26506237462329063,0.2669984620250137,0.4320303601063842,0.47324436428488154,0.35153464925785954,0.192377238769219,0.5262592873830455,0.360653705293855,0.4615974354289527,0.44725359680798626,0.3619969997392524,0.6304622293291962,0.6004360561674784,-0.10621940492317106,0.28631855315332,0.5032983545166756,0.5636173252292883,0.6186859564208655,0.5448398540123272,0.16015891911088773,0.4239124094753733,0.5859973582085102,0.4551635181325781,-0.06834611531500301,0.4994498770227244,0.3945585099157999,0.5610640485712862,0.5953744336148621,0.05989034911679809,0.49190102794777624,0.4718864775868092,0.562923886728258,0.3439815549814796,0.38099678892648015,0.39684425471676044,0.2614446728584636,False
BR2033,KT00390,0.48826077923425265,0.5181842125244104,0.509735963794255,0.237216270782179,0.300029446843195,0.30387702030370956,0.4977154525153462,0.288186595153749,0.4757471581969445,0.2267070790003122,0.45731739939840654,0.5365193212303846,0.5235840874369075,0.21688807551461767,0.33184424632108217,0.30056336949055107,0.4325270535574559,0.4967854273186671,0.37798365061135225,0.29327666090573745,0.5313813644800605,0.4074576966596907,0.4859576527229535,0.4800413115981824,0.4198592579454065,0.5926663498147271,0.5790323012115987,0.025833465594066896,0.3285714915351011,0.5133089084641893,0.5696683968186806,0.6190030824642776,0.5498386799918468,0.24538226986178474,0.4224253114632901,0.5913227452570866,0.4948228016772385,0.040902541134237844,0.5277370570022366,0.4345186992341782,0.5854467189111314,0.590291244800186,0.102023148357195,0.4657767016254568,0.45581156881363694,0.5488701568203607,0.40599832433208727,0.4324073556424464,0.41838413789329754,0.3256788584015144,False
BR1044,KT00391,0.46159253042393783,0.4578148104363865,0.42619276712590765,0.0394792904625003,0.23150171640529862,0.24294011849218666,0.4448190755722689,0.24481623494078242,0.4015360511779034,0.14953461535242854,0.40199649297925577,0.5408120149648492,0.4887257070796435,0.11269242027836916,0.24061412964408027,0.2205853045243988,0.43030698190790906,0.47153161478190847,0.34216089283770157,0.21745439448449258,0.5159996813478476,0.32318361499283355,0.439295658568188,0.40566282243258023,0.30749647404125446,0.5972318632250744,0.5723883726639518,-0.08826521994947219,0.2270107637557987,0.47703336983296396,0.5509128328778734,0.616365689264519,0.5716863914002819,0.1777425976622816,0.38450607252047964,0.594066152926012,0.44149905298087905,-0.12906436442533814,0.4837333485706062,0.3692457117324267,0.5221338809518973,0.6026135718468478,0.04768963847501917,0.445716388845839,0.4253862230166071,0.5480884765705958,0.30432312981987286,0.3555037692762348,0.35460362137655776,0.261922145751281,False
BR2036,KT00393,0.4605827530099321,0.4612142118803401,0.4469762104395028,0.18038319298113253,0.2042713552102437,0.23145442327669782,0.47548277225210317,0.22031671437951814,0.39839938748529735,0.1450512630402745,0.4253566683579565,0.538552750388514,0.4998221814896946,0.062223111598613094,0.24603591103005637,0.22595494983342418,0.44325460709461084,0.48441221134299084,0.3554083941759786,0.18201493209401975,0.5026583464217113,0.3478448841931718,0.4617224182707854,0.4623986619768272,0.3685759965205649,0.6017961439074434,0.5743319192739224,-0.09736177330908051,0.26273371249678396,0.4996404762982775,0.541351276313544,0.621560760758177,0.5350996735340326,0.13436322677344456,0.37605392526360804,0.5894213862175997,0.46254445227584773,-0.13941708509350548,0.4812455519713038,0.4201580828543605,0.5411599205084027,0.5969312933251975,0.04251144910356076,0.4373026828278214,0.4563783521686379,0.5433160995627196,0.2987143831748616,0.3834967569139804,0.4046069945432309,0.2682797582761245,False
BR2040,KT00394,0.4575275425673786,0.46738668008567125,0.4444629803543613,0.13714212458117173,0.23888638592830497,0.22069330191054154,0.480768934509341,0.2637061863574799,0.4483028674225105,0.14271985207917195,0.3941218811357833,0.5412714140893499,0.46362981174048506,0.12307950026405629,0.27621852893983,0.244643743851809,0.4297937740610055,0.4548461811281855,0.35759613759785513,0.2000368492000061,0.551592944416382,0.3296877485646606,0.4775193854865077,0.4162297381988784,0.351159656300422,0.5851909785387548,0.5548473958837857,-0.033293641491704454,0.25055111288046056,0.48845131097038574,0.5356873179141806,0.6084056786752173,0.5385767483491585,0.1439666366518437,0.3805865779924567,0.5963029736242766,0.44052415915288007,-0.06197361432678698,0.5112246736570288,0.4350485529953195,0.5492726706367175,0.591810458224667,0.10021410648500725,0.45945610371737905,0.4378369386781957,0.5596840371043471,0.33762109799929824,0.40439535878657146,0.4050854219784638,0.26840585948948703,False
BR1042,KT00398,0.4743528482115756,0.47773818011759583,0.47761069324412386,0.17128550260511302,0.2871362175260947,0.3088663659862089,0.4894613983502658,0.25942739440045604,0.4503713320101418,0.2011399995320141,0.4366986786096656,0.5417572739151725,0.5030740223720392,0.15650607779623987,0.3270033072626035,0.26799349328508393,0.4255221964794245,0.492861937803696,0.36746531169820834,0.24044929901741866,0.5115603497049739,0.3724367003306845,0.45819145306943687,0.4483589055642261,0.36422255340427095,0.597297797227762,0.5765599425487421,-0.03538726190619813,0.27783981614079023,0.509318109382656,0.568393669552717,0.6197004747561645,0.5489863277617296,0.20256270556931957,0.30216914477272994,0.5941948683379642,0.4556049675658185,0.0343762164843465,0.4994406058316613,0.42550469321336665,0.5641579283920232,0.6015117387779735,0.1116031630857987,0.48572775482332475,0.4576829373731805,0.5536168277369425,0.34003286721510195,0.4196943937437968,0.4051766664289041,0.29483721014416286,False
BR2034,KT00501,0.4658085951342056,0.4687194578215115,0.4532270921120164,0.15081829482145206,0.2352690119138387,0.23022943013190422,0.46368348635993917,0.1879777541120119,0.4041307801405104,0.12202778542398228,0.4003588733647325,0.5300858665872232,0.4369602367872798,0.08787625503109031,0.25472430270439345,0.2215951902281584,0.4150243809957082,0.43486171530651396,0.3404318041613399,0.13519217753650734,0.5166566884126241,0.3290487777598798,0.432669683423978,0.452509726370973,0.3479592756700734,0.5733202565219521,0.5675972882728992,-0.10915044786415223,0.2505891373536152,0.4793937470617805,0.5468305432926392,0.5994853795709998,0.5072556208691122,0.14548700595624758,0.33825561127901715,0.5806388369523492,0.4391184529985381,-0.17169101818344254,0.5025047475573515,0.35367946763139807,0.5430259873922352,0.6035378241567908,-0.012409043730200303,0.4614323338034214,0.42985912485698613,0.5279170738038053,0.3183719156164864,0.39289110416270645,0.3756083282110901,0.24441766444588803,False
BR1045,KT00504,0.45776947594620915,0.47031406432092726,0.4540508791748863,0.1646017898362858,0.20863168011405053,0.1651546496742471,0.48129300193838614,0.23092414866872937,0.4445849537559198,0.12949738060284424,0.4016568887296231,0.5359450748187514,0.48228089202322677,0.07656911910665701,0.24450656681204158,0.24816680846693182,0.41405313685930295,0.47775517024004016,0.34497002985680886,0.1635562012296405,0.536866631458645,0.32696186590555737,0.4278312967270787,0.4242355363661524,0.3304745291292855,0.5869863003350545,0.5794606320951405,-0.12620884261379628,0.2709221641299027,0.5058667336335035,0.5623658356650453,0.613714817190762,0.5712651687612332,0.13752056547254862,0.41286513576246425,0.5880566298396729,0.45293536152834657,-0.12160264899253061,0.49637303903567387,0.40889139765952454,0.5557278668680663,0.6023297200883808,0.013474388227656602,0.4897609992570054,0.4419735122788414,0.5503003893741281,0.3224151488217102,0.40493128144790713,0.38624325859500824,0.25953947185388593,False
BR1017,KT00507,0.4414228346945687,0.4805598256410349,0.4530526040698238,0.1898476504452514,0.2252408608579145,0.2551576762466673,0.49271139144391163,0.21179937479886152,0.45930113080643153,0.10659717073087085,0.43067799153323194,0.5335947897298666,0.49068287814264744,0.07960478804963572,0.26695536918623536,0.24006172518482288,0.44458261087422574,0.4586819380594764,0.34967754848809446,0.18443286035170892,0.5115274476087425,0.3470732897842675,0.4687314936384813,0.4416727381280195,0.3256034875202013,0.6085339270505977,0.5858034411029528,-0.09884261806347827,0.26846799125288057,0.48617998190774336,0.5584061065885588,0.6106029060120759,0.5540442390284385,0.1160013026181318,0.3557064533914149,0.5951092995704071,0.47136091829072047,-0.09622490461236152,0.4902575985876987,0.40734097068025416,0.5590113070413499,0.5936813811144055,0.072875649413087,0.495947019706795,0.4491429016841768,0.5566466157285237,0.2863513508299944,0.3965244853639402,0.3915614341036386,0.26499540859357584,False
BR2022,KT00510,0.46406299472914947,0.4746124996555677,0.467486385864621,0.19336275677074188,0.22129517646409178,0.27908657531669906,0.4760410584461285,0.28355852732263326,0.4294486080806799,0.1457173779513395,0.4296168556525707,0.5405951192533137,0.48064268116039083,0.07713855598886762,0.2713965842640312,0.2296101284990634,0.41571155662551124,0.48001619573202386,0.340429427138565,0.21377330228697483,0.5336039427598575,0.3419610197495161,0.4580463253463846,0.45587230240108023,0.3640214284418755,0.5929234304381664,0.5591722026331796,-0.040239532910825646,0.27983149138930474,0.491332039891498,0.5571849053510428,0.6154614408119314,0.5679292520554952,0.1508201653212283,0.3858569131236987,0.5991560228444468,0.4487450299756155,-0.14410649117761645,0.4978055413808816,0.4172913879599171,0.5400251077109078,0.6037357206886914,0.02577676964847756,0.45715067589418823,0.45773673132924153,0.5546528438717113,0.3191841526198524,0.3968750985120659,0.41860020430889305,0.2747039554452902,False
BR1015,KT00514,0.4617221827949666,0.4704370338513299,0.4882006883751212,0.16202382143595398,0.2137841507042482,0.2473538634320883,0.494868575018758,0.220334167280328,0.44598108074519893,0.18575879825011166,0.44650402257240435,0.5482788296542559,0.508524371575509,0.0931675144126796,0.2404650315701388,0.24775686534210767,0.43564267712038585,0.5066439734408612,0.36424468397698584,0.15777032361926321,0.5095448725128605,0.32980069026655096,0.4603430036753908,0.42714025018757074,0.359559305648859,0.5893379887262707,0.5720668448342433,-0.08581570503720273,0.29976218226073215,0.49190255729949883,0.5649548994262086,0.6185234838136073,0.5667988302098462,0.10782699026749828,0.4054136425939064,0.6004231762217412,0.46335357227596047,-0.09819389566279496,0.49346678296650637,0.38685103584084535,0.5581019326646477,0.5992453678682818,0.04970919428382268,0.46180499200505815,0.4815211839904471,0.5686691341826664,0.2957753392509977,0.38753189209144095,0.4100140445239481,0.26904039765784044,False
BR2041,KT00516,0.4516231095562152,0.45602992640796264,0.4497005890536644,0.10076345877654815,0.20971893865602975,0.20317869471434574,0.4504335212089159,0.22054455285782656,0.40458334004270813,0.1312140415580105,0.39228315108586637,0.5451515472417497,0.4820098315535218,0.07556777505892463,0.24521891132135673,0.21656996366889233,0.4327068228080158,0.46209608230251303,0.3432888201182212,0.1230756214492939,0.5211859474800304,0.3350394170852696,0.4423899206430034,0.418857839497967,0.3350074392922024,0.5816142735565517,0.5624836137473026,-0.1107637067026793,0.249918710494671,0.48391425874718447,0.543583171344642,0.629138928293188,0.559365844611263,0.15302907693070156,0.3967464569987664,0.6001367776240134,0.4540201545325213,-0.2020159530817346,0.47990167802183403,0.380450421799965,0.533643648306195,0.602411710380128,0.05273332232863755,0.4324273753653694,0.43303743144557344,0.5476031402537126,0.29222646819426823,0.3822173259431296,0.39470587804211194,0.2620392300517884,False
BR1049,KT00518,0.4728794648631783,0.47265985412454414,0.46305460027059503,0.19895721599349145,0.2653970497825477,0.2829076088607923,0.47670383629639873,0.24890711523543346,0.4535344508399644,0.14062564753151513,0.41616493784334435,0.5392626093738035,0.48138767274926814,0.12189372030211816,0.2703627709155447,0.23800338053137696,0.4163373351937465,0.4713023960012454,0.3629346766692428,0.26308194560954723,0.5467958953868695,0.345333009333033,0.4648128621989785,0.4353117881796501,0.3302379059527301,0.583478760477027,0.561695477029816,-0.08147331211518902,0.2568717766321011,0.4974446930430571,0.5747352280209307,0.6169769404604805,0.5604103188664825,0.15541815948977605,0.4052750093064316,0.5897775560716982,0.46173251433801527,-0.07344888948796818,0.5071879093774656,0.39696061904743324,0.5558303048889697,0.6016039157731052,0.0771024614248378,0.47305768141475935,0.43194763296705413,0.543403301233817,0.3370531686014261,0.39327956954664206,0.4231179861818157,0.27287193766149626,False
BR2047,KT00520,0.4292609800548874,0.45969792603360954,0.43748328311072476,0.12377197588740457,0.17660355946748052,0.24587394474505625,0.45283863710252403,0.22048575719040722,0.4121645483584849,0.10565228331424119,0.4050426719405308,0.5280889790675555,0.4603694477132386,0.044195567053637634,0.23908599809306233,0.22901409325824826,0.40667328579360607,0.466277164726046,0.34487115094121457,0.1899914222471489,0.5283408291188234,0.3475618751670676,0.4152542659139383,0.42859289859832306,0.3373959418647906,0.587523072182084,0.5561208700022404,-0.11631888118298729,0.2525356257923236,0.4770961354812741,0.5435127359063083,0.6116421150930067,0.543303976121283,0.14019057632789372,0.3775595239803355,0.5871552487279806,0.44264436135119767,-0.11923877394997885,0.4944060162533865,0.37931578209929123,0.5482742151610532,0.6040755872498785,-0.030149755455179922,0.4140932164233321,0.4495679240933798,0.5299673740684464,0.28488822407600445,0.3613628802501251,0.40570485925178396,0.23809291281917574,False
BR2048,KT00523,0.4443071993762987,0.4300074221699368,0.41585326986862325,0.134184766515673,0.21054995485499234,0.14589183387964144,0.41759102690913497,0.23003683714260065,0.3919108587307331,0.14352279458335312,0.4033214267595999,0.5247873328902025,0.436823843430173,0.08684921169739143,0.20958185016092692,0.1969204552898669,0.39448086146839634,0.4437677978480017,0.33048792678879507,0.06749533965221438,0.5356433692821294,0.31423851940551,0.4171411079741284,0.4085291664443981,0.2994324047082537,0.5882868111386255,0.5648131441962444,-0.10465985120576833,0.2349963652911541,0.4668883574517068,0.5330030598815517,0.6032799158047824,0.5381320492790349,0.10617439372610468,0.3844375785504834,0.5804836473792722,0.43061399218693597,-0.14973040809502858,0.48012211239145786,0.3996289482859196,0.5328780164708767,0.6033730544705403,0.009799133981848082,0.4491563851648654,0.43188248728672485,0.5340978284025657,0.2748544929070612,0.3883847578899696,0.38684598332708836,0.2483482845977901,False
BR1030,KT00525,0.46094321609369754,0.45761790674966163,0.45469290236591475,0.19536947420270673,0.24200070727851922,0.2445002738293613,0.4766497454401621,0.23870423875515517,0.45154224235596413,0.1258469627482236,0.3700692241420994,0.5304833955483783,0.49844198098101167,0.08771480958522539,0.276145964024555,0.23202597164379135,0.4463697920838879,0.46559757862933066,0.3367963560721019,0.22830487204929212,0.5243626143923289,0.3318589981903764,0.4550902055415553,0.4408196363987381,0.3673685455087306,0.6000767116717615,0.579076267741047,-0.11351445405963093,0.26930103225811297,0.5007295067388217,0.5534874475471658,0.6223053146354623,0.5539873094241095,0.1277504232645204,0.3849233787666348,0.5923996974153861,0.4654145934149125,-0.022905882948431943,0.5112250787758236,0.3820368075746543,0.5408155642063295,0.5987657539176418,0.02110412006168007,0.4592871324288317,0.45420037516330425,0.5390198432238166,0.32802683217796375,0.3890948997585893,0.36814999970444273,0.2752510770844412,False
BR2032,KT00526,0.44959505744573935,0.47978619966519154,0.4933729804949743,0.116304414039905,0.20641739088689331,0.1619214992081265,0.4810413058943817,0.22214021859607508,0.4270127574665753,0.13295585994291895,0.42801560461815086,0.5362228137061325,0.48593942302288745,0.1166114258821856,0.24769696910264016,0.24118638675682233,0.431190998243009,0.4646251937848113,0.31896357603243175,0.19864193727637153,0.5189481232138567,0.3519627850402142,0.4623621123701873,0.450000166182865,0.36812124651132555,0.5941486255235532,0.5702261838011317,-0.08088762533333911,0.2809331452833872,0.49506398562011117,0.5597591253621168,0.617215744623876,0.555738557048003,0.13759220696560542,0.39911462363107847,0.592417175212166,0.45103060725637406,-0.0666621339723759,0.51023746520277,0.40424378637801217,0.5568538820266691,0.5800647358414871,0.006154976967514075,0.46274806401560326,0.4563825287030924,0.5576441818744973,0.3451652664157503,0.4025291818736132,0.4104222145229946,0.2548881037947133,False
BR1050,KT00529,0.45257747204335236,0.4610290626682441,0.44871745388372997,0.1394507229074905,0.18640735816081416,0.22758166065243307,0.45054863532775763,0.22725276628301774,0.42084435268710757,0.15179518418006685,0.4129987994505193,0.5391421716185959,0.47363468593257346,0.06650605270174391,0.24437369439261625,0.21300376080570152,0.4344598354668699,0.45193089073904735,0.33790923679960455,0.2586586106074681,0.5429788505847472,0.3226247079559196,0.4374575770891183,0.44491095626100907,0.3491219705231565,0.5991882004469542,0.5806008023268122,-0.12182124329221516,0.2446528226982377,0.4782821186583399,0.5425922256966144,0.6214575647506189,0.5550641272675133,0.12894183294557296,0.30155565419554076,0.598405511586016,0.4508584014435284,-0.12506940201169964,0.5005976218171381,0.4051493180409982,0.5518989535932493,0.6015960384165714,0.03072439120114674,0.44389002967558877,0.4535679364299569,0.5488044041152679,0.2846207826754173,0.39152063851145086,0.40296999800167693,0.27666818386826825,False
BR2012,KT00530,0.47257410821569934,0.4752370081374212,0.4646528021789218,0.14710328244532933,0.18959974128603443,0.24153974312459817,0.4904943894977607,0.20657221172979,0.46597840654442746,0.12742221213794652,0.4032709438990727,0.5310845082154556,0.484287006237332,0.11067445310713657,0.26982319906652397,0.23643468318209593,0.43280377293476247,0.4700052455003455,0.34475161768119766,0.24081836912215127,0.5301048340651175,0.35442331444017117,0.48995634076349026,0.4457144211214463,0.3569980267035843,0.5930921971079255,0.5715041104893197,-0.10648226031282061,0.2881915761901903,0.4886572260689512,0.5703370396936838,0.61279482754237,0.5479936330314346,0.1512140023166126,0.38458587912713427,0.5893971966065816,0.4419902288340607,-0.1412211856826955,0.5059023817585109,0.4214698151264995,0.5647829641521653,0.5816592020784174,0.039340146390327076,0.467880913309719,0.46867985216399977,0.548174172637611,0.3531628550166873,0.3711384312432754,0.40313491078144986,0.2597253693345991,False
BR1048,KT00532,0.44456694159296173,0.45700486089440406,0.4262066472650881,0.031565004274887724,0.2060103913197393,0.23249085716492174,0.4294843332956394,0.23607467483438002,0.3419099744822928,0.11081869790975461,0.38964859756640985,0.5160722877417269,0.38249477492432826,0.05068757204845266,0.24082734947570134,0.22507483515587468,0.4155369710714423,0.40206946587873826,0.2974677762223108,0.0660974426197368,0.5456129341808376,0.29908283275371134,0.4332517889183004,0.43472024500079803,0.3128867491558917,0.5750081738836426,0.5436603466012055,-0.13687596148483605,0.23578898711950616,0.4704029891398393,0.5049689805646388,0.5919398545991585,0.4603921324925735,0.10825345262733237,0.24675037461068933,0.5750408410710404,0.4416581428081974,-0.11603233115472937,0.4868764997153078,0.3692609036427997,0.518727127425553,0.6055499372079026,-0.015209152316755346,0.43373170401348954,0.4109277656088225,0.5018907235595395,0.2705912599446113,0.33885655169349993,0.34143932418056155,0.23442774031151783,False
BR2044,KT00533,0.467782084599132,0.45933475591532963,0.4322113079743812,0.07207110440322978,0.22350609549294626,0.2152762680635666,0.44682657385574537,0.23633063158100862,0.4283400348800564,0.13253801358993217,0.41818771491475343,0.543975294850466,0.46970759358685277,0.0596571241258579,0.24938832537257755,0.2381536366197327,0.42577658000076113,0.4534015552638211,0.32838570840799614,0.1630857991307186,0.5057174558396792,0.3193352952955327,0.4547785726770553,0.44687072060127536,0.35974080625494065,0.606667820061841,0.5703552497555798,-0.10175472879509724,0.2600079913085912,0.4839108186291355,0.548492374186207,0.62076858108308,0.5679290980789508,0.11715770402972431,0.3565841491025353,0.5983275277868987,0.4432291587591349,-0.07786604219922909,0.4917362143298835,0.40779414491937666,0.5358940519215637,0.5884132759982799,0.028790358180440352,0.4310767525157652,0.4345910556344023,0.5477969772576281,0.31236288350173147,0.37805517844725584,0.38429867769606907,0.257228899465933,False
BR1047,KT00535,0.46165326994360895,0.4749814641018988,0.4612439607678058,0.16303334795729152,0.2471620482681613,0.25904149631131285,0.46877333002274385,0.29446188187475275,0.4332417039704912,0.1582536536594609,0.43543641345171513,0.5398365544400274,0.510501579962818,0.12914685368954726,0.2574911197955812,0.25263741477554935,0.42982613155347066,0.4838456085710497,0.34413097671201975,0.18857887754036684,0.5007276681652735,0.3516032205145484,0.4707575135330228,0.4248517844737035,0.3720715110311938,0.5888216002498734,0.571862612035084,-0.06411188450665053,0.2475667529399966,0.4853064224709898,0.5531830219132026,0.6241970486746535,0.5643223573018014,0.1466084229498265,0.41997458301335167,0.5901196147051924,0.44683583597485815,-0.12148695618448843,0.48956770045681725,0.4300106867997701,0.5538232304485067,0.5939352502907786,0.0335814541361169,0.48426574709425857,0.4608967449434338,0.5612061369435905,0.37948941264814257,0.3893256256600188,0.38908775115266975,0.27995090318223814,False
BR2014,KT00537,0.4324747780913918,0.47670282862472574,0.44071621503630504,0.09125534488979216,0.23232328665932314,0.21438611868175247,0.4817907883267871,0.2554610966097754,0.4358407188847041,0.1509848536665409,0.41595245563458505,0.5274093450691959,0.45700744578692465,0.10298968963710192,0.24448591804084202,0.2041696102008715,0.41005455214629966,0.44319855199087366,0.3261647173903745,0.12525243598911526,0.5282432135611356,0.34268723103103427,0.4523670833078601,0.41663279365584466,0.3607697037750072,0.5681231094537489,0.564659740744921,-0.125518125367562,0.28758278900986867,0.4731273487998547,0.543533943844253,0.6081978833058913,0.5532605046379726,0.1462072016521793,0.35710403067503926,0.5917402111511816,0.4512764167892499,-0.09667225571776103,0.4850306201414069,0.42699867682462467,0.5339637435292929,0.6033639514776841,0.020613230583479473,0.4577760205295378,0.46102994371641204,0.550309067823158,0.2924764688840043,0.38375865780442886,0.4365150986312235,0.27484915345344385,False
BR2020,KT00539,0.4444021647218808,0.45110956708470157,0.4454073746052698,0.1049292027334337,0.1964058955582462,0.18401562454604503,0.46324166530373995,0.23141927648620889,0.4209477229695695,0.10816902212954284,0.3923756373164306,0.5276414177414159,0.4647000797342789,0.08193838276835688,0.2482455209649339,0.23426552867888167,0.41781669217761863,0.45203619233144254,0.355748795521608,0.10083303149623399,0.5115743594053189,0.31986297193633945,0.4242908421077888,0.43282285051837466,0.33802951647928736,0.6250790937885286,0.5957156493795049,-0.14362753860463484,0.24691843306798594,0.4587440713768414,0.5511974494857886,0.6153129257142335,0.5512872023461561,0.13398535188215793,0.3746484005383778,0.5903086639330537,0.44754470293796467,-0.14026096505747918,0.49635055252914756,0.41070699120076826,0.5336464215740544,0.5986648983339753,0.018058429824604455,0.44309364300450305,0.4227410363225278,0.5497001020900654,0.312601453834648,0.3783257585215951,0.33721079741548693,0.26824455049934764,False
BR2043,KT00541,0.4552822832881175,0.4869407244929062,0.477909735757235,0.16898566861240172,0.21206759218617913,0.21695387230273125,0.4710868778864464,0.23049070989995396,0.45387941069609916,0.14474924078709392,0.4200727627678625,0.5415320375732113,0.4802544720441055,0.08647649135114972,0.2717448507110897,0.24560798049688884,0.43665589538470345,0.4610251452951009,0.3289174519219559,0.0943711007897527,0.5300585960213234,0.351556184366937,0.45508447685590847,0.42131667269129197,0.34463926886086954,0.5878432375785551,0.5745621664648957,-0.09475180543273064,0.2876577998970821,0.49431430268319937,0.5428633914622564,0.6126662652705998,0.553008890935183,0.1217045358255217,0.39587180283127793,0.5939956585765757,0.43935507753973757,-0.08970578759620136,0.4988753720554237,0.3911205517458808,0.5638080583814303,0.5976097704116268,0.010516094211593507,0.46178298129876155,0.4573013625586955,0.5415129607099688,0.3167098258332164,0.3809129811324179,0.39811044129566114,0.28767034248713,False
BR2042,KT00545,0.470601513372172,0.48529068019461746,0.463891342180471,0.20354907954367973,0.2073137573276505,0.2332152612762072,0.47103716415977803,0.2186486185348517,0.4660650918652094,0.12219333479519107,0.4142011593532744,0.5356178168583877,0.47711320709253846,0.10989116175548574,0.2561015587990597,0.237446419219002,0.4320688736773823,0.4328558894862886,0.3576648139828732,0.21166687295390726,0.530640335345699,0.35011933735110773,0.46951530181934087,0.4382630684006256,0.36089139654191443,0.5917840028216472,0.5785773464779835,-0.07654742432032015,0.26421186118670786,0.48789068551949405,0.5580074707173514,0.6078067456163406,0.5331418577536208,0.14248094749113946,0.36140834005539546,0.5827108693145973,0.4795285703947985,-0.09497017755375113,0.48425714811305287,0.41065301658547626,0.57099127101631,0.5997181965628764,0.054015955847403464,0.4335470064098393,0.45445414265406914,0.5569841625972903,0.31168640727380387,0.39956128999945245,0.40850236797302786,0.27304758356166303,False
BR1051,KT00549,0.4660699516107248,0.482000636536917,0.462408238818465,0.16381731923808737,0.21565100465741716,0.24194636263996958,0.4803509320565737,0.26192100427975157,0.43587827462344597,0.15640072686500142,0.4199698091464288,0.5397741393670433,0.5118319657003026,0.1128137862950608,0.2663627374875576,0.24767213738187513,0.4375681221882193,0.4918967213515695,0.36413909965264624,0.21137261258840775,0.5248061780024691,0.3350683196886729,0.46677152823930307,0.457543650340901,0.3639854799233202,0.6027522811709906,0.5826538890804122,-0.09568404053936237,0.2793946090660847,0.5026643500902525,0.565243380353123,0.6204434934404143,0.5492867479924658,0.1562707817165931,0.31689002722021636,0.5900216284091526,0.4537226121919571,-0.11949039855976448,0.4956840825435121,0.43906731026858625,0.5642178717014241,0.5965790132807046,0.04417243021434421,0.48955862564528696,0.46786292878066293,0.5571475560121026,0.3263234404029572,0.41624320284593175,0.4468355778178089,0.2675010519371445,False
BR2024,KT00552,0.4762509637111616,0.4726475983782986,0.4662237765342766,0.262204384320534,0.2564317493839623,0.3168733516868577,0.5014537211469026,0.2510822718732032,0.45431799666263534,0.15250189408809103,0.4437079882707456,0.5407699993368583,0.491895752615642,0.18031035298892947,0.2746558163292096,0.26484464273802044,0.46131743925920266,0.47775586735433506,0.3467487813092502,0.1718761249798459,0.5305191958590446,0.3716921820049123,0.4763289184004679,0.4736595153298639,0.38204721896243676,0.5862877503620741,0.5621747569606743,-0.07386718907972098,0.2685689609606041,0.505820573681018,0.5493157524713614,0.6225697798722852,0.5491320247396747,0.19125136765570422,0.38742570715206676,0.591071298924975,0.46201199282604155,-0.04802474562892001,0.5038092199751941,0.4234799408834468,0.5666156480774376,0.6015186611010667,0.1214745134198138,0.49596736255385965,0.462603863484234,0.5442030493957162,0.3798211369972571,0.40086243195859356,0.40465573996495313,0.3079688147414484,False
BR2045,KT00557,0.4545340554889543,0.4745310078169435,0.44645063813934854,0.1547009961648522,0.22495689845297462,0.23154928681842213,0.4699727216400475,0.20884701159022348,0.42555598353076146,0.14302680283739083,0.4099710524378978,0.5255101174955108,0.470287126687683,0.06327566812124039,0.25609365603363116,0.23899754952169877,0.4454779268627013,0.4602674928151378,0.345258965411836,0.15270542778942553,0.545402909102106,0.33701719954972004,0.44857461138698934,0.4480845276898759,0.33998486358878266,0.5975081438400803,0.5794360495774636,-0.11259364704808392,0.2351389970550721,0.4988818357283288,0.550200381081556,0.6140022506654259,0.5487939307857298,0.15175703179242525,0.32555382597629495,0.5928921686256308,0.4432530204354706,-0.09253867964329114,0.49439519745453603,0.39459373439350476,0.543690521282696,0.5863118157240309,0.02344224394809266,0.4628829449130087,0.4382616144090173,0.559767081608598,0.34749419739949283,0.3899424808982935,0.35150297716330065,0.30140820168938365,False
BR2029,KT00561,0.4326914532314831,0.4725154823340973,0.4388184194289923,0.1062815392868012,0.21140861451638432,0.13335724559975923,0.4496865041427124,0.2544518598837419,0.3911281611840229,0.17317269078017625,0.4305875286512461,0.5170715922883473,0.4352240745508947,0.0953535303942672,0.21399927812965847,0.20285476359475374,0.40964173071883875,0.4142850248765471,0.3262143739269301,0.22139871273604145,0.5296649033451906,0.35376100348208256,0.4363054775385755,0.43250554198507696,0.3651131891668903,0.6080963342339454,0.5853278992390578,-0.11104735459736906,0.25227692184594935,0.4480198995719963,0.5169053451256507,0.60488691690811,0.5038417654968238,0.1252884279021404,0.371398617860939,0.5945017430833182,0.42966422646586755,-0.022342338129860778,0.4675261533966173,0.4069168574428215,0.5419301917588417,0.5859189892459946,-0.0010881265691226561,0.49360368643707836,0.43077117134100523,0.5465608061704753,0.318311881445191,0.399259336418121,0.39607995355438946,0.23582553802758377,False
BR2023,KT00562,0.4635555424232877,0.48302947600759205,0.48946170479582407,0.2056161706363636,0.2365266140940394,0.27761520820060837,0.4810793991509894,0.246894154486485,0.4312204153748581,0.16594527746546808,0.4404301793721154,0.5504341526934876,0.5243922064739069,0.11862621814582201,0.2767148297905594,0.25261910911890784,0.421944227412393,0.4945679699052895,0.3778216975029471,0.20950301756717477,0.5171206809678857,0.3750348634298617,0.48786153943663435,0.4691445274812424,0.3685423055551914,0.6270618916672531,0.6030063757726258,-0.05121790387749169,0.2801143651780673,0.5122637695562119,0.5730178141045758,0.6230473571649686,0.5706913285653682,0.16677601760672653,0.40585442389397147,0.601459723743715,0.473948539212394,-0.09696489983974957,0.49007470122733665,0.41468295014693207,0.5594959710630061,0.6010673453577827,0.07241783874129644,0.4756990680334048,0.4794973871992885,0.5688272088992223,0.34143795055062826,0.4281162409286119,0.41863321764663586,0.311115313749408,False
BR2031,KT00563,0.4967114869177968,0.48334909630008976,0.5035390642330986,0.17600994229074088,0.26307568650874585,0.220067030609157,0.4912007293787526,0.2566294273350305,0.42887140887620684,0.17645632085096738,0.43677069746629055,0.5445407063515394,0.4955243186495828,0.14651935766290483,0.24558168179475567,0.2314926697081048,0.43899247216903964,0.47738054721434525,0.36853054629245474,0.29421900779488885,0.5236993432837518,0.3567667440872533,0.4738553435616372,0.4471798201326605,0.3652664128204698,0.5958178194413882,0.5808063722832448,-0.07550318918047343,0.30758516952719483,0.5184406790911545,0.5702897668758937,0.619240435226803,0.5559707762881648,0.1562706024785527,0.36766707835760504,0.5915867365040778,0.46663367461813515,-0.12309088516696427,0.5051416438090102,0.43192211375768425,0.5571138675299523,0.5981495469867383,0.08302039222947989,0.5017342249097052,0.47124468613290676,0.5441324914645855,0.36914611625629146,0.41519891172052964,0.3980641052327357,0.307343699871101,False
BR2046,KT00564,0.43330001992154715,0.46632453140657926,0.47172727195994707,0.14294026331622506,0.2023047625617581,0.1692637399028027,0.4799712087879932,0.22977165910744096,0.4404646381442342,0.11449931712761789,0.407724503552891,0.5469782211000429,0.5525037065150131,0.09074415986641439,0.2325956018035723,0.21382807432248582,0.4181432653862407,0.5265425823051404,0.3500201978671706,0.014175032699385026,0.5367113861061144,0.34786397703900457,0.4405039751395403,0.4476922878359134,0.3548011554720274,0.6001207770125297,0.581429306604055,-0.08848957743026295,0.20753689484311147,0.4946303961725208,0.5671275545899037,0.6252867359863035,0.5626512489160359,0.10998018435076864,0.40506927637800566,0.5913669249314755,0.4538581131462988,-0.12432561878084475,0.4904190322978339,0.3953875597464621,0.5473829155173975,0.6103836965497458,0.05691022676137159,0.4439005658321803,0.4508855583965017,0.5591153216017113,0.29386345353202725,0.40294234060013484,0.37493517494224216,0.26307609918768676,False
BR1054,KT00565,0.42646613054908444,0.47071229903376743,0.4407176623050556,0.116412084734296,0.19758316154862163,0.13399265923751166,0.45052718497728067,0.2334806178289571,0.3913919178165368,0.09909105212815959,0.37921390084060985,0.5427743857255563,0.4516670129859637,0.08753721890329046,0.2059337084719676,0.17579105928886715,0.41655662312182157,0.4120832667062203,0.3066526827148379,0.15994892557622908,0.5329958264815653,0.3118108633195418,0.4419086189061155,0.42777979198104227,0.3249676368159086,0.5732396302489217,0.5548870364466414,-0.1346813714555959,0.22738280826869223,0.44241464758999377,0.5311666202688453,0.6192310374714226,0.5514935651996151,0.11688210975803055,0.32604744856933343,0.594584336357832,0.42739551697329176,-0.17415575769347094,0.49786191102352134,0.4211511240856742,0.5316411705393954,0.6070308731208869,-0.010794880687193038,0.4621611219490338,0.43291834225928333,0.5402527421097911,0.29174006977499234,0.3623322491943796,0.38578482100317435,0.24635642118998963,False
BR2026,KT00566,0.48711550425991873,0.48007267888516375,0.48029549431325874,0.2115531009868514,0.2966941155495172,0.2577421164669244,0.4896273182098244,0.29896302920884477,0.4927838224441842,0.2338675150857294,0.447715055355561,0.5277652910561633,0.5121920533997892,0.21371056610220607,0.3415167641338814,0.31573035224831014,0.4564778845269709,0.5029985368114545,0.382661043100937,0.23307985015555246,0.5165018280394277,0.38624809312746144,0.4734799548914345,0.4488029659088318,0.374063132994414,0.589015193476986,0.576558958757217,0.024960670856623048,0.31529249838861273,0.5213810046804134,0.5640060012861106,0.6174618161625757,0.5588544391324365,0.23735252494207237,0.42910739105616813,0.5970699502420952,0.4662338129584011,-0.003762742441760609,0.5104880112243212,0.45838207314882756,0.576724404268163,0.5912596869225609,0.11877949311837376,0.48583335894719853,0.4508431416166008,0.5497548263600303,0.38385064398576785,0.4147717216506199,0.4178420654468099,0.3319178761575144,False
BR2021,KT00568,0.46449928860863365,0.47584020188498777,0.46934261715564557,0.13796939967047234,0.23185890141807997,0.2241934908869724,0.4945878496923624,0.252882212204441,0.45102134099908964,0.13870579059029525,0.4083014880262434,0.5353954382361787,0.498736662713591,0.0950680242453845,0.2642541691390693,0.23338818065060654,0.4336975632065961,0.4853117210254754,0.3443533303377807,0.14381496506314514,0.527825714848938,0.34399317063325924,0.45952131861566614,0.45771165182694656,0.35798521810100803,0.5950172370044392,0.5806277043920675,-0.09784856718075327,0.273187727567368,0.5166222862671435,0.5539052391454807,0.621855718821546,0.5444977929897616,0.1530116108188705,0.35308604882050165,0.5902531316083065,0.4476044019664815,-0.14760111818656477,0.5017372068826479,0.42595236731422564,0.5609251876156576,0.5958574361100888,0.05936870909366598,0.5062510901072043,0.46466757621890015,0.5681896507493038,0.3049450730804805,0.40289718823925774,0.38672089474988,0.27131817681099574,False
BR2018,KT00569,0.46171184473980753,0.47506574132759155,0.4519763633563016,0.1664771496403925,0.22973272074072235,0.1791258695677697,0.4905958250493878,0.2335147218215286,0.46056461176772406,0.16383427873169182,0.4098614758775964,0.5388714285443837,0.4880158028391856,0.11084454137316412,0.2177680154937747,0.22376639705051926,0.4411075625223363,0.4745703285474113,0.36581142593737165,0.18248824897903493,0.5079116833803682,0.34626977220901217,0.44442974283918113,0.45872725901259154,0.37158064743346747,0.5821396205088347,0.5659845549349107,-0.07663951493407813,0.2653330452761049,0.4798258032993883,0.5652826201239414,0.6227425145792111,0.5626728989449813,0.14736032882594213,0.3836045255924064,0.6004228080550505,0.45616302194807745,-0.09510755907069418,0.49727293958327445,0.4093590318430603,0.5443568729509769,0.5818214058489897,0.010302754594039381,0.44804380522750703,0.46115082008965147,0.5575532660412861,0.2985485624158477,0.39941059330790557,0.4074170417141503,0.2859942013613863,False
BR1041,KT00575,0.4864185244511871,0.47585457262419767,0.48039069785128286,0.18238961977478385,0.27882042361644044,0.2543348865584637,0.4741409471159797,0.29294531289941567,0.4780934666459116,0.1853300909009548,0.4408128856842322,0.5277185906968137,0.5195509627629794,0.18833028499202695,0.2963864423456581,0.2713006564246261,0.4332598841592083,0.4752461463987726,0.3585148876905821,0.19128378806766808,0.5256931779107911,0.36976889823089953,0.45273056443023924,0.43570979764667406,0.37288483892844854,0.5879385940457019,0.5712677365685745,-0.015552857137241303,0.30028967948118823,0.5035320370476817,0.5622154036173006,0.6106924114916,0.5564609491917291,0.20520324164319906,0.41447125127120676,0.5992566963296789,0.4719642606234465,-0.04661525988134125,0.5270766090199729,0.4488069739231298,0.5714845237761053,0.5956404215010699,0.09836570101325642,0.4513287272355289,0.45224183252443484,0.544153273249069,0.40712039538082123,0.42666609042931475,0.4237053086134809,0.32222760347389523,False
BR2019,KT00582,0.45758592074832993,0.48430004940174576,0.480048087474263,0.21615025956115472,0.223822084666332,0.24693975993699155,0.48745133678672514,0.23837377542574498,0.44874687366109745,0.14745026072826095,0.43701712403377657,0.5196401701915394,0.4732352465871438,0.11464918554804947,0.2564825080150651,0.25125438408871703,0.44132890424229604,0.4371181140270295,0.36332593091861903,0.16544913450361756,0.5334055782584554,0.3859699125369833,0.4663704059473007,0.47903689198221594,0.3706171538651003,0.5809139459495869,0.5828178939915739,-0.06741649757924843,0.28982950265901153,0.48466646199222724,0.5552108073456753,0.6138952424032902,0.5263339437527514,0.15587451153421214,0.3497956359218914,0.5939089117409377,0.47759080312503244,-0.14362252886064955,0.49618186660601077,0.4057208956577085,0.5579120199273023,0.5973231887928677,0.036840502944136995,0.49288232961656414,0.487804355977671,0.5459122221666028,0.32986739812534394,0.3999635620314582,0.42391632431952003,0.2678646849037858,False
BR2028,KT00588,0.47378217498056935,0.49530685404844593,0.45918613713437867,0.2939920383807226,0.21767380126486063,0.23562474529956165,0.4813625561387315,0.28206778562935747,0.43073635189866155,0.19513158574642311,0.45607357467987614,0.5432974740450847,0.5142236145633863,0.1581389584097052,0.2792187637044936,0.25083500910343376,0.44146832338574643,0.5008228591803077,0.3572237875488239,0.22759617947733113,0.5080295988885936,0.36173118580561203,0.4652730209257194,0.47956528905056045,0.38139526154476205,0.5978936945212178,0.572306825528903,-0.0807637283198553,0.2964297005005483,0.5138357690375251,0.5602585431311937,0.6213191501391622,0.5367357414382733,0.16928920335375078,0.3477032954270289,0.5994330058934857,0.47988138243981887,-0.08967407398892555,0.5118204095897961,0.4113573738233812,0.5514529062578946,0.5996808179334637,0.07900483053195947,0.5077372859361245,0.4760776519457756,0.5497111705236897,0.3241075671390934,0.4151650408579614,0.5023774852024785,0.31964975868626583,False
BR1052,KT00592,0.4500761283264843,0.47562328856336084,0.44218127970335885,0.10689781032644328,0.17702919799483563,0.19618850816317362,0.45790472371413793,0.24347186046679448,0.442209428974568,0.09484893581245475,0.3894095140610586,0.5431149247658406,0.46988178261758723,0.06490156643041685,0.2170095106911169,0.20058392285524032,0.42092594401612626,0.4644314050272904,0.3274375699343231,0.1549459893572301,0.4990176274839765,0.3222762775989803,0.463178493837089,0.41850359629487865,0.3247960383317349,0.598941422051366,0.5763981006288196,-0.1295209281834479,0.2618139279112172,0.4726227076069167,0.5461957015316456,0.6132873372242286,0.5641017874297312,0.14381699960807898,0.38261293415053677,0.5998143587404673,0.44041851246616776,-0.1438089465902948,0.4726500949934977,0.4083605137684054,0.5391244161303651,0.6008761758545376,0.03643205317310636,0.4557987858335865,0.42815162377629606,0.5510263158860241,0.28704868976954967,0.3603760990259078,0.4118948122444545,0.2665641479538355,False
BR2052,KT00599,0.46691960731742693,0.47579231220482304,0.4574415739508195,0.1275102586172367,0.20376629986652797,0.21537017592860064,0.4855090697804789,0.25047496871812325,0.4563120342853169,0.15671303474680037,0.43753272186426345,0.5345383360606286,0.4901544531982445,0.09430350273139346,0.2757820934162392,0.2507314172849404,0.43571916611666844,0.44521891171553507,0.3305817531799091,0.1781221203282982,0.547831091186382,0.3403546504918658,0.4635487451611535,0.4467488700244847,0.35517633281860517,0.6037223300420365,0.5819115531591375,-0.10688900569848991,0.26400843813345215,0.47325724222843957,0.5632851718995993,0.6171216581260858,0.5366484180753116,0.1380492581494194,0.4273647879376436,0.5947473064271029,0.4463548589751174,-0.0700291089195362,0.47791830491087556,0.4127200365902385,0.5617269387053876,0.6030220766724385,0.04673938981768598,0.46301831291269874,0.4695734950769692,0.5513878479784531,0.32829880362163316,0.3802110948313038,0.3768368142645633,0.2498049161952848,False
BR2030,KT00600,0.45951621082186733,0.47310952390925665,0.4567856964986323,0.16001036765347834,0.20483613856915878,0.2805721169804418,0.4557890466137897,0.22430669670016798,0.43880388302161044,0.15643127376305668,0.429152212501641,0.5403187771417931,0.5011751977862933,0.08329232151646374,0.27605547724846685,0.2534241210149814,0.43039549453583714,0.4856314304904227,0.3663832766290716,0.12651880585568806,0.5117612226786938,0.36054263472288284,0.4670115715323072,0.4562955592080444,0.36659948193208175,0.6009599822141171,0.581229415153048,-0.05459564088217633,0.29249215598731104,0.49217235000767773,0.5547270992899921,0.6209221218505432,0.5536814273139468,0.14836196509803368,0.41407356238436377,0.5906387905502439,0.4497834676874806,-0.1457740148770463,0.5120939332606013,0.42124279741823856,0.5554447290783895,0.6009761271554982,0.03912283581206798,0.46500435413671204,0.47875658535633075,0.5508007982447475,0.3080092308760862,0.39607743740268286,0.40586422690956736,0.2728866138314054,False
BR2051,KT00602,0.4472318827548897,0.4672631879648746,0.4666578138174243,0.1845700919486556,0.23554004994943675,0.13990275743779093,0.4807763575525615,0.24464959880132708,0.41886771730272715,0.15591065460610298,0.40831349700048186,0.5381700427741622,0.47530244802661276,0.08173085660352526,0.25031868496963905,0.24737459478648838,0.42092249315283753,0.4463146592747502,0.3373126927003562,0.10043360404314013,0.5006442617577549,0.3146543030340395,0.46348606541840365,0.4288526263641371,0.3643494933285131,0.6013597165232916,0.5591461481513312,-0.11333604201952471,0.27520139053395976,0.4696915249603626,0.5438261171147178,0.613801225867581,0.550504231464596,0.14386658908725453,0.34857054390657827,0.6008227142482546,0.46296963072375397,-0.09603263913181075,0.4904859522728841,0.403488458475747,0.5418590113438965,0.6020075902417584,0.017956112426607936,0.46373411481465754,0.46760547008927683,0.5393552084232184,0.30671285396421144,0.3752175877681217,0.44868150316446076,0.27403588614653457,False
BR1056,KT00621,0.47076434133655237,0.4889863612660999,0.4665345713413666,0.2333577469432536,0.24025221902911553,0.18755041999739366,0.4751665499635561,0.25919849592191196,0.45558776159302977,0.13277434021973372,0.4169877271335605,0.5461412261146226,0.47724139372908714,0.10855536576475593,0.30686459109300235,0.2595685037827693,0.43331446932890194,0.48174848757847955,0.3626821555406001,0.12437720600121867,0.5166481936390065,0.34512946395730315,0.45467934356750866,0.459358883575517,0.34588985934972555,0.5870818482905137,0.5667854674006929,-0.05240221447140009,0.26467738202333024,0.48144555930909044,0.5568157663046979,0.6234511242145427,0.5644166609316963,0.1787375813753112,0.45781849019092785,0.6003623688666251,0.45007540752480096,-0.1402082139127105,0.48765229405611754,0.4140471441352859,0.5517042442714584,0.5921476676071,0.05153964224409805,0.4892345260098583,0.45575545607956214,0.5374444762700086,0.3464198351947108,0.3824040591775946,0.4079477792883099,0.27945630947179734,False
BR2050,KT00623,0.4436893020547678,0.4590173615602014,0.47733546925059667,0.15941318378181538,0.2456918679671781,0.2049533437918749,0.4733753870124672,0.2426234141371807,0.43832189466356053,0.10644604091363244,0.41318721503795874,0.536050844718229,0.47356897792496533,0.11109410515778269,0.2813136666081999,0.26344814806219463,0.42930677971470643,0.4634466376133786,0.3252816006454832,0.05377907597079239,0.5308178803539009,0.32178260209116244,0.4511948239841185,0.42139795038734373,0.35319425491328627,0.6069055676635937,0.5895176900273039,-0.056838535168628315,0.26282728410189216,0.48009541910863085,0.5380729436101941,0.6186870910612232,0.5274988138073431,0.15788089050095386,0.40205519022902403,0.5989098422479416,0.4754450689513936,-0.0894438203524633,0.5136561080099523,0.4288558551285471,0.5510023936598085,0.6006287477210377,0.0489560986356438,0.46713104541037626,0.45130860081648505,0.5515040903019972,0.3296481413943512,0.41115998665131936,0.44342287555278237,0.2630799499098605,False
BR2053,KT00625,0.4412972154295799,0.4678242571569236,0.42137766882996214,0.13180581966149707,0.23755704540602934,0.22646114556697158,0.48159513123311376,0.23279002670947135,0.4173233633771419,0.14782497484836993,0.4209828202236375,0.5341474974852212,0.45653875730622484,0.1168764890701377,0.24942100691475624,0.2250656218697824,0.42690488013013106,0.43404407912807247,0.3376001919249685,0.12382087184830544,0.5316514810907774,0.34489655350554366,0.4659011088577435,0.44696235232675335,0.3503957019657387,0.5928192370054296,0.5743835908280552,-0.11368725509261852,0.25795529449141774,0.46654252461852264,0.5517454489254957,0.6172095764489683,0.5452341108710462,0.10504507658929503,0.40023469691174085,0.5939113650340441,0.46113380367023954,-0.11699501002243709,0.4689504559310695,0.42342937004976944,0.5495979051255386,0.5992579235977067,0.03233979216948382,0.4367294881080029,0.4562740176872779,0.5490400070053357,0.3167828640228524,0.39052537533696513,0.4290552907666021,0.2718937637496513,False
BR1057,KT00645,0.44683351330845134,0.46180391048677355,0.4353569482697174,0.10727361580588818,0.20385231261717357,0.26406528626568887,0.44392960793451736,0.22724186099814306,0.38755002470970035,0.09586815467064289,0.39895932000446027,0.553728633751678,0.49017505573441267,0.03138860721472933,0.23631918631396312,0.2131856924311786,0.41361613975930506,0.4387140845986675,0.3207372382555,0.17530936976118144,0.49376322847051646,0.3116167963228715,0.4388958266728541,0.41646839632044846,0.3071519706542297,0.5811549090588611,0.5606554784908769,-0.0699059936642414,0.23299103582413272,0.45644329952590396,0.5480203764568535,0.6260945919801809,0.5617476458952607,0.13771301084018897,0.31567306530232586,0.6012565747245288,0.454464592592802,-0.14081949739587915,0.4945598811225854,0.3862368392397815,0.5478035318715605,0.5961652800227109,0.03020146859031177,0.46904601670633617,0.4300951927134519,0.5448360117669585,0.24596871269847984,0.37987074938617743,0.3784844244315145,0.26066526984252664,False
BR1058,KT01425,0.4447863516895112,0.4554006863993118,0.4280210346871454,0.0608945943757301,0.1619882514532836,0.2058081710813675,0.45261591910566096,0.18839378621205324,0.39816999200693654,0.05018380063020372,0.39592555155900255,0.5399661198460189,0.4783542726060834,0.01869760695786032,0.21368137731875492,0.2199244256809821,0.38949792771645353,0.4568189732530711,0.2965312896467406,0.12685164493809437,0.49077214446221445,0.315427647982107,0.44331937551850775,0.411455035274506,0.3141968966259111,0.5688620296587832,0.544005315920265,-0.1444237501395059,0.21314194997909205,0.4844704884803096,0.532652015785171,0.6260522973596888,0.537693315432528,0.12255710478897391,0.32965239948771896,0.6029503930282314,0.44364455954162013,-0.14511338152762795,0.469867542834073,0.39686221497187746,0.5351387045857611,0.6048600437789895,0.004587222025875337,0.4096753627817916,0.4073373986898152,0.5394206598944256,0.27557579318125575,0.38010969000877126,0.38787854792472776,0.2237383220214625,False
BR1059,KT01446,0.4538592969080152,0.4758651609664796,0.4506979715648612,0.13531626792960247,0.23303903822775557,0.29807955116441004,0.49461085529019094,0.2307736852227133,0.4223333202008987,0.126368732610087,0.43100794714490853,0.5357582040760641,0.4838379005214616,0.12556344837862465,0.25025421348813465,0.22706272894387675,0.41872086941370323,0.4759627673420977,0.34443451286813714,0.13526797488092968,0.5129182842672443,0.35036705012478936,0.4423646828407042,0.45162191011387487,0.35955352500426757,0.6206446465381549,0.6063575255911369,-0.08849538901244221,0.2660044988879723,0.48853251164670053,0.555620881198239,0.6124765336953656,0.5267386447555604,0.17822271427646075,0.4070273218466819,0.5942095494342203,0.45181763440769446,-0.11380733615370768,0.48094198103506236,0.40735033052373937,0.5557854974546654,0.5944005867474191,0.04536373789163072,0.47304098798885924,0.45015690771478173,0.5538180549696821,0.3425208097957987,0.38923506844572053,0.3807000021703652,0.27986791209971895,False
