from,to,strength,direction,in_final_dag,verdict,confidence_score,direction_assessment,rationale,pubmed_references,indra_direction_signal,indra_forward_statement_count,indra_reverse_statement_count,indra_undirected_statement_count,indra_forward_pmids,indra_reverse_pmids,indra_undirected_pmids,search_query
hemoglobin,hematocrit,1.0,0.513,True,inconclusive,,,No PubMed search results and no INDRA statements for this pair.,,none,0.0,0.0,0.0,,,,(Oxygen-carrying protein in red blood cells (CBC).) AND (Percent of blood volume made up of red blood cells (CBC).)
ast,alt,1.0,0.504,True,inconclusive,0.7,no_directional_evidence,"All PubMed abstracts discuss AST and ALT as co-measured liver injury biomarkers that change together in response to hepatotoxic insults, but none describe a causal relationship where AST levels directly influence ALT levels. The INDRA database contains zero directional statements in either direction. While there is strong evidence these enzymes are related (both are aminotransferases released during hepatocellular injury), there is no mechanistic or causal evidence supporting the proposed ""ast"" -> ""alt"" direction over the reverse or bidirectional relationship.","42520093, 42223275, 42373439, 42157520, 42242754",none,0.0,0.0,0.0,,,,"(Aspartate aminotransferase -- liver enzyme, liver injury marker.) AND (Alanine aminotransferase -- liver enzyme, liver injury marker.)"
hdl,triglycerides,0.999,0.572572572572573,True,supported,0.4,no_directional_evidence,"The PubMed abstracts confirm an inverse relationship between HDL cholesterol and triglycerides exists (both studies show these lipid parameters change together in metabolic syndrome contexts), supporting that these entities are related. However, neither the INDRA database (0 directional statements in either direction) nor the PubMed abstracts provide clear mechanistic or causal evidence for the proposed ""hdl"" -> ""triglycerides"" direction versus the reverse. The abstracts describe correlations and co-occurrence patterns in metabolic syndrome but do not establish which variable causally influences the other.","17351155, 25726220",none,0.0,0.0,0.0,,,,(HDL ('good') cholesterol (lipid panel).) AND (Triglycerides -- blood fat level (lipid panel).)
albumin,calcium,0.996,0.617469879518072,True,inconclusive,,,No PubMed search results and no INDRA statements for this pair.,,none,0.0,0.0,0.0,,,,"(Albumin -- main blood protein, made by the liver (nutrition/liver/kidney marker).) AND (Serum calcium level.)"
creatinine,bun,0.931,0.79484425349087,True,supported,0.6,supports_reverse_direction,"INDRA evidence shows 1 reverse causal statement (BUN -> creatinine, IncreaseAmount) and 0 forward statements, indicating the literature supports the reverse direction. While a relationship between these entities is supported, the evidence contradicts the proposed ""creatinine -> bun"" direction and instead favors ""bun -> creatinine"". No PubMed abstracts were available to provide additional context.",,reverse,0.0,1.0,1.0,,24088987,24088987,"(Creatinine -- waste product of muscle metabolism, kidney function marker.) AND (Blood urea nitrogen -- kidney function marker.)"
esr,platelets,0.86,0.501744186046512,True,inconclusive,,,No PubMed search results and no INDRA statements for this pair.,,none,0.0,0.0,0.0,,,,(Erythrocyte sedimentation rate -- nonspecific marker of inflammation.) AND (Platelet count -- cell fragments involved in blood clotting (CBC).)
bun,albumin,0.851,0.615746180963572,True,inconclusive,,,No PubMed search results and no INDRA statements for this pair.,,none,0.0,0.0,0.0,,,,"(Blood urea nitrogen -- kidney function marker.) AND (Albumin -- main blood protein, made by the liver (nutrition/liver/kidney marker).)"
sex,creatinine,0.817,1.0,True,inconclusive,,,No PubMed search results and no INDRA statements for this pair.,,none,0.0,0.0,0.0,,,,"(Biological sex (demographic covariate).) AND (Creatinine -- waste product of muscle metabolism, kidney function marker.)"
crp,neutrophils,0.772,0.632124352331606,True,inconclusive,,,No PubMed search results and no INDRA statements for this pair.,,none,0.0,0.0,0.0,,,,"(C-reactive protein -- acute-phase inflammation marker.) AND (Neutrophil count -- innate immune cells, first responders to infection (CBC differential).)"
crp,esr,0.764,0.650523560209424,True,inconclusive,,,No PubMed search results and no INDRA statements for this pair.,,none,0.0,0.0,0.0,,,,(C-reactive protein -- acute-phase inflammation marker.) AND (Erythrocyte sedimentation rate -- nonspecific marker of inflammation.)
hemoglobin,monocytes,0.738,0.819783197831978,True,inconclusive,,,No PubMed search results and no INDRA statements for this pair.,,none,0.0,0.0,0.0,,,,(Oxygen-carrying protein in red blood cells (CBC).) AND (Monocyte count -- precursors to macrophages/dendritic cells (CBC differential).)
crp,alt,0.736,0.706521739130435,True,inconclusive,0.3,no_directional_evidence,"The PubMed abstracts show that CRP and ALT are both measured as markers in inflammatory/liver injury contexts, but do not establish a causal relationship between them. Both are downstream responses to inflammation (e.g., IL-6, TNF-alpha). PMID 12669191 measures both CRP and ALT in hepatotoxicity but as parallel markers, not causally linked. PMID 9397992 mentions CRP as an inflammation marker alongside transaminases in ischemia/reperfusion. INDRA provides no directional or undirected statements linking these entities. The evidence suggests both are co-occurring responses rather than one causing the other.","12669191, 9397992",none,0.0,0.0,0.0,,,,"(C-reactive protein -- acute-phase inflammation marker.) AND (Alanine aminotransferase -- liver enzyme, liver injury marker.)"
ldl,triglycerides,0.73,0.829452054794521,True,inconclusive,,,No PubMed search results and no INDRA statements for this pair.,,none,0.0,0.0,0.0,,,,(LDL ('bad') cholesterol (lipid panel).) AND (Triglycerides -- blood fat level (lipid panel).)
potassium,calcium,0.729,0.82235939643347,True,inconclusive,0.3,no_directional_evidence,"The INDRA database shows no causal statements in either direction between potassium and calcium. The PubMed abstracts describe clinical correlations between potassium and calcium levels in various medical contexts (hyperkalemia treatment with calcium, Ca/K ratio as a VTE predictor, electrolyte disturbances in CKD), but none establish a mechanistic causal relationship where changes in potassium directly cause changes in calcium. The abstracts primarily discuss concurrent measurements or calcium as a treatment for hyperkalemia (reverse of proposed direction), not potassium causing calcium changes.","41913863, 42368778, 42140747, 42122012, 42099396",none,0.0,0.0,0.0,,,,(Serum potassium (electrolyte).) AND (Serum calcium level.)
age_group,bun,0.714,1.0,True,inconclusive,,,No PubMed search results and no INDRA statements for this pair.,,none,0.0,0.0,0.0,,,,(Binned/categorical age group (demographic covariate).) AND (Blood urea nitrogen -- kidney function marker.)
