alias,csv_column,type,log_transformed
age_group,subject.ageGroup,discrete_root,FALSE
sex,subject.biologicalSex,discrete_root,FALSE
cmv,cmv.igg_serology_interpretation,discrete_root,FALSE
cm_cd4_t_cell_ifn_alpha,pb.cm_cd4_t_cell_ifn_alpha,continuous,FALSE
cm_cd4_t_cell_ifn_gamma,pb.cm_cd4_t_cell_ifn_gamma,continuous,FALSE
cm_cd4_t_cell_il2_stat5,pb.cm_cd4_t_cell_il2_stat5,continuous,FALSE
cm_cd4_t_cell_il6_jak_stat3,pb.cm_cd4_t_cell_il6_jak_stat3,continuous,FALSE
cm_cd4_t_cell_inflammatory,pb.cm_cd4_t_cell_inflammatory,continuous,FALSE
cm_cd4_t_cell_tnfa_nfkb,pb.cm_cd4_t_cell_tnfa_nfkb,continuous,FALSE
cd56bright_nk_cell_ifn_alpha,pb.cd56bright_nk_cell_ifn_alpha,continuous,FALSE
cd56bright_nk_cell_ifn_gamma,pb.cd56bright_nk_cell_ifn_gamma,continuous,FALSE
cd56bright_nk_cell_il2_stat5,pb.cd56bright_nk_cell_il2_stat5,continuous,FALSE
cd56bright_nk_cell_il6_jak_stat3,pb.cd56bright_nk_cell_il6_jak_stat3,continuous,FALSE
cd56bright_nk_cell_inflammatory,pb.cd56bright_nk_cell_inflammatory,continuous,FALSE
cd56bright_nk_cell_tnfa_nfkb,pb.cd56bright_nk_cell_tnfa_nfkb,continuous,FALSE
gzmb_cd27_em_cd4_t_cell_ifn_alpha,pb.gzmb_cd27_em_cd4_t_cell_ifn_alpha,continuous,FALSE
gzmb_cd27_em_cd4_t_cell_ifn_gamma,pb.gzmb_cd27_em_cd4_t_cell_ifn_gamma,continuous,FALSE
gzmb_cd27_em_cd4_t_cell_il2_stat5,pb.gzmb_cd27_em_cd4_t_cell_il2_stat5,continuous,FALSE
gzmb_cd27_em_cd4_t_cell_il6_jak_stat3,pb.gzmb_cd27_em_cd4_t_cell_il6_jak_stat3,continuous,FALSE
gzmb_cd27_em_cd4_t_cell_inflammatory,pb.gzmb_cd27_em_cd4_t_cell_inflammatory,continuous,FALSE
gzmb_cd27_em_cd4_t_cell_tnfa_nfkb,pb.gzmb_cd27_em_cd4_t_cell_tnfa_nfkb,continuous,FALSE
core_naive_cd8_t_cell_ifn_alpha,pb.core_naive_cd8_t_cell_ifn_alpha,continuous,FALSE
core_naive_cd8_t_cell_ifn_gamma,pb.core_naive_cd8_t_cell_ifn_gamma,continuous,FALSE
core_naive_cd8_t_cell_il2_stat5,pb.core_naive_cd8_t_cell_il2_stat5,continuous,FALSE
core_naive_cd8_t_cell_il6_jak_stat3,pb.core_naive_cd8_t_cell_il6_jak_stat3,continuous,FALSE
core_naive_cd8_t_cell_inflammatory,pb.core_naive_cd8_t_cell_inflammatory,continuous,FALSE
core_naive_cd8_t_cell_tnfa_nfkb,pb.core_naive_cd8_t_cell_tnfa_nfkb,continuous,FALSE
core_naive_b_cell_ifn_alpha,pb.core_naive_b_cell_ifn_alpha,continuous,FALSE
core_naive_b_cell_ifn_gamma,pb.core_naive_b_cell_ifn_gamma,continuous,FALSE
core_naive_b_cell_il2_stat5,pb.core_naive_b_cell_il2_stat5,continuous,FALSE
core_naive_b_cell_il6_jak_stat3,pb.core_naive_b_cell_il6_jak_stat3,continuous,FALSE
core_naive_b_cell_inflammatory,pb.core_naive_b_cell_inflammatory,continuous,FALSE
core_naive_b_cell_tnfa_nfkb,pb.core_naive_b_cell_tnfa_nfkb,continuous,FALSE
core_naive_cd4_t_cell_ifn_alpha,pb.core_naive_cd4_t_cell_ifn_alpha,continuous,FALSE
core_naive_cd4_t_cell_ifn_gamma,pb.core_naive_cd4_t_cell_ifn_gamma,continuous,FALSE
core_naive_cd4_t_cell_il2_stat5,pb.core_naive_cd4_t_cell_il2_stat5,continuous,FALSE
core_naive_cd4_t_cell_il6_jak_stat3,pb.core_naive_cd4_t_cell_il6_jak_stat3,continuous,FALSE
core_naive_cd4_t_cell_inflammatory,pb.core_naive_cd4_t_cell_inflammatory,continuous,FALSE
core_naive_cd4_t_cell_tnfa_nfkb,pb.core_naive_cd4_t_cell_tnfa_nfkb,continuous,FALSE
core_memory_b_cell_ifn_alpha,pb.core_memory_b_cell_ifn_alpha,continuous,FALSE
core_memory_b_cell_ifn_gamma,pb.core_memory_b_cell_ifn_gamma,continuous,FALSE
core_memory_b_cell_il2_stat5,pb.core_memory_b_cell_il2_stat5,continuous,FALSE
core_memory_b_cell_il6_jak_stat3,pb.core_memory_b_cell_il6_jak_stat3,continuous,FALSE
core_memory_b_cell_inflammatory,pb.core_memory_b_cell_inflammatory,continuous,FALSE
core_memory_b_cell_tnfa_nfkb,pb.core_memory_b_cell_tnfa_nfkb,continuous,FALSE
core_cd14_monocyte_ifn_alpha,pb.core_cd14_monocyte_ifn_alpha,continuous,FALSE
core_cd14_monocyte_ifn_gamma,pb.core_cd14_monocyte_ifn_gamma,continuous,FALSE
core_cd14_monocyte_il2_stat5,pb.core_cd14_monocyte_il2_stat5,continuous,FALSE
core_cd14_monocyte_il6_jak_stat3,pb.core_cd14_monocyte_il6_jak_stat3,continuous,FALSE
core_cd14_monocyte_inflammatory,pb.core_cd14_monocyte_inflammatory,continuous,FALSE
core_cd14_monocyte_tnfa_nfkb,pb.core_cd14_monocyte_tnfa_nfkb,continuous,FALSE
gzmk_cd56dim_nk_cell_ifn_alpha,pb.gzmk_cd56dim_nk_cell_ifn_alpha,continuous,FALSE
gzmk_cd56dim_nk_cell_ifn_gamma,pb.gzmk_cd56dim_nk_cell_ifn_gamma,continuous,FALSE
gzmk_cd56dim_nk_cell_il2_stat5,pb.gzmk_cd56dim_nk_cell_il2_stat5,continuous,FALSE
gzmk_cd56dim_nk_cell_il6_jak_stat3,pb.gzmk_cd56dim_nk_cell_il6_jak_stat3,continuous,FALSE
gzmk_cd56dim_nk_cell_inflammatory,pb.gzmk_cd56dim_nk_cell_inflammatory,continuous,FALSE
gzmk_cd56dim_nk_cell_tnfa_nfkb,pb.gzmk_cd56dim_nk_cell_tnfa_nfkb,continuous,FALSE
naive_cd4_treg_ifn_alpha,pb.naive_cd4_treg_ifn_alpha,continuous,FALSE
naive_cd4_treg_ifn_gamma,pb.naive_cd4_treg_ifn_gamma,continuous,FALSE
naive_cd4_treg_il2_stat5,pb.naive_cd4_treg_il2_stat5,continuous,FALSE
naive_cd4_treg_il6_jak_stat3,pb.naive_cd4_treg_il6_jak_stat3,continuous,FALSE
naive_cd4_treg_inflammatory,pb.naive_cd4_treg_inflammatory,continuous,FALSE
naive_cd4_treg_tnfa_nfkb,pb.naive_cd4_treg_tnfa_nfkb,continuous,FALSE
transitional_b_cell_ifn_alpha,pb.transitional_b_cell_ifn_alpha,continuous,FALSE
transitional_b_cell_ifn_gamma,pb.transitional_b_cell_ifn_gamma,continuous,FALSE
transitional_b_cell_il2_stat5,pb.transitional_b_cell_il2_stat5,continuous,FALSE
transitional_b_cell_il6_jak_stat3,pb.transitional_b_cell_il6_jak_stat3,continuous,FALSE
transitional_b_cell_inflammatory,pb.transitional_b_cell_inflammatory,continuous,FALSE
transitional_b_cell_tnfa_nfkb,pb.transitional_b_cell_tnfa_nfkb,continuous,FALSE
isg_cd14_monocyte_ifn_alpha,pb.isg_cd14_monocyte_ifn_alpha,continuous,FALSE
isg_cd14_monocyte_ifn_gamma,pb.isg_cd14_monocyte_ifn_gamma,continuous,FALSE
isg_cd14_monocyte_il2_stat5,pb.isg_cd14_monocyte_il2_stat5,continuous,FALSE
isg_cd14_monocyte_il6_jak_stat3,pb.isg_cd14_monocyte_il6_jak_stat3,continuous,FALSE
isg_cd14_monocyte_inflammatory,pb.isg_cd14_monocyte_inflammatory,continuous,FALSE
isg_cd14_monocyte_tnfa_nfkb,pb.isg_cd14_monocyte_tnfa_nfkb,continuous,FALSE
memory_cd4_treg_ifn_alpha,pb.memory_cd4_treg_ifn_alpha,continuous,FALSE
memory_cd4_treg_ifn_gamma,pb.memory_cd4_treg_ifn_gamma,continuous,FALSE
memory_cd4_treg_il2_stat5,pb.memory_cd4_treg_il2_stat5,continuous,FALSE
memory_cd4_treg_il6_jak_stat3,pb.memory_cd4_treg_il6_jak_stat3,continuous,FALSE
memory_cd4_treg_inflammatory,pb.memory_cd4_treg_inflammatory,continuous,FALSE
memory_cd4_treg_tnfa_nfkb,pb.memory_cd4_treg_tnfa_nfkb,continuous,FALSE
core_cd16_monocyte_ifn_alpha,pb.core_cd16_monocyte_ifn_alpha,continuous,FALSE
core_cd16_monocyte_ifn_gamma,pb.core_cd16_monocyte_ifn_gamma,continuous,FALSE
core_cd16_monocyte_il2_stat5,pb.core_cd16_monocyte_il2_stat5,continuous,FALSE
core_cd16_monocyte_il6_jak_stat3,pb.core_cd16_monocyte_il6_jak_stat3,continuous,FALSE
core_cd16_monocyte_inflammatory,pb.core_cd16_monocyte_inflammatory,continuous,FALSE
core_cd16_monocyte_tnfa_nfkb,pb.core_cd16_monocyte_tnfa_nfkb,continuous,FALSE
cd14_cdc2_ifn_alpha,pb.cd14_cdc2_ifn_alpha,continuous,FALSE
cd14_cdc2_ifn_gamma,pb.cd14_cdc2_ifn_gamma,continuous,FALSE
cd14_cdc2_il2_stat5,pb.cd14_cdc2_il2_stat5,continuous,FALSE
cd14_cdc2_il6_jak_stat3,pb.cd14_cdc2_il6_jak_stat3,continuous,FALSE
cd14_cdc2_inflammatory,pb.cd14_cdc2_inflammatory,continuous,FALSE
cd14_cdc2_tnfa_nfkb,pb.cd14_cdc2_tnfa_nfkb,continuous,FALSE
cm_cd8_t_cell_ifn_alpha,pb.cm_cd8_t_cell_ifn_alpha,continuous,FALSE
cm_cd8_t_cell_ifn_gamma,pb.cm_cd8_t_cell_ifn_gamma,continuous,FALSE
cm_cd8_t_cell_il2_stat5,pb.cm_cd8_t_cell_il2_stat5,continuous,FALSE
cm_cd8_t_cell_il6_jak_stat3,pb.cm_cd8_t_cell_il6_jak_stat3,continuous,FALSE
cm_cd8_t_cell_inflammatory,pb.cm_cd8_t_cell_inflammatory,continuous,FALSE
cm_cd8_t_cell_tnfa_nfkb,pb.cm_cd8_t_cell_tnfa_nfkb,continuous,FALSE
cd8_mait_ifn_alpha,pb.cd8_mait_ifn_alpha,continuous,FALSE
cd8_mait_ifn_gamma,pb.cd8_mait_ifn_gamma,continuous,FALSE
cd8_mait_il2_stat5,pb.cd8_mait_il2_stat5,continuous,FALSE
cd8_mait_il6_jak_stat3,pb.cd8_mait_il6_jak_stat3,continuous,FALSE
cd8_mait_inflammatory,pb.cd8_mait_inflammatory,continuous,FALSE
cd8_mait_tnfa_nfkb,pb.cd8_mait_tnfa_nfkb,continuous,FALSE
intermediate_monocyte_ifn_alpha,pb.intermediate_monocyte_ifn_alpha,continuous,FALSE
intermediate_monocyte_ifn_gamma,pb.intermediate_monocyte_ifn_gamma,continuous,FALSE
intermediate_monocyte_il2_stat5,pb.intermediate_monocyte_il2_stat5,continuous,FALSE
intermediate_monocyte_il6_jak_stat3,pb.intermediate_monocyte_il6_jak_stat3,continuous,FALSE
intermediate_monocyte_inflammatory,pb.intermediate_monocyte_inflammatory,continuous,FALSE
intermediate_monocyte_tnfa_nfkb,pb.intermediate_monocyte_tnfa_nfkb,continuous,FALSE
hla_drhi_cdc2_ifn_alpha,pb.hla_drhi_cdc2_ifn_alpha,continuous,FALSE
hla_drhi_cdc2_ifn_gamma,pb.hla_drhi_cdc2_ifn_gamma,continuous,FALSE
hla_drhi_cdc2_il2_stat5,pb.hla_drhi_cdc2_il2_stat5,continuous,FALSE
hla_drhi_cdc2_il6_jak_stat3,pb.hla_drhi_cdc2_il6_jak_stat3,continuous,FALSE
hla_drhi_cdc2_inflammatory,pb.hla_drhi_cdc2_inflammatory,continuous,FALSE
hla_drhi_cdc2_tnfa_nfkb,pb.hla_drhi_cdc2_tnfa_nfkb,continuous,FALSE
pdc_ifn_alpha,pb.pdc_ifn_alpha,continuous,FALSE
pdc_ifn_gamma,pb.pdc_ifn_gamma,continuous,FALSE
pdc_il2_stat5,pb.pdc_il2_stat5,continuous,FALSE
pdc_il6_jak_stat3,pb.pdc_il6_jak_stat3,continuous,FALSE
pdc_inflammatory,pb.pdc_inflammatory,continuous,FALSE
pdc_tnfa_nfkb,pb.pdc_tnfa_nfkb,continuous,FALSE
klrb1_memory_cd4_treg_ifn_alpha,pb.klrb1_memory_cd4_treg_ifn_alpha,continuous,FALSE
klrb1_memory_cd4_treg_ifn_gamma,pb.klrb1_memory_cd4_treg_ifn_gamma,continuous,FALSE
klrb1_memory_cd4_treg_il2_stat5,pb.klrb1_memory_cd4_treg_il2_stat5,continuous,FALSE
klrb1_memory_cd4_treg_il6_jak_stat3,pb.klrb1_memory_cd4_treg_il6_jak_stat3,continuous,FALSE
klrb1_memory_cd4_treg_inflammatory,pb.klrb1_memory_cd4_treg_inflammatory,continuous,FALSE
klrb1_memory_cd4_treg_tnfa_nfkb,pb.klrb1_memory_cd4_treg_tnfa_nfkb,continuous,FALSE
gzmk_vd2_gdt_ifn_alpha,pb.gzmk_vd2_gdt_ifn_alpha,continuous,FALSE
gzmk_vd2_gdt_ifn_gamma,pb.gzmk_vd2_gdt_ifn_gamma,continuous,FALSE
gzmk_vd2_gdt_il2_stat5,pb.gzmk_vd2_gdt_il2_stat5,continuous,FALSE
gzmk_vd2_gdt_il6_jak_stat3,pb.gzmk_vd2_gdt_il6_jak_stat3,continuous,FALSE
gzmk_vd2_gdt_inflammatory,pb.gzmk_vd2_gdt_inflammatory,continuous,FALSE
gzmk_vd2_gdt_tnfa_nfkb,pb.gzmk_vd2_gdt_tnfa_nfkb,continuous,FALSE
klrf1_gzmb_cd27_em_cd8_t_cell_ifn_alpha,pb.klrf1_gzmb_cd27_em_cd8_t_cell_ifn_alpha,continuous,FALSE
klrf1_gzmb_cd27_em_cd8_t_cell_ifn_gamma,pb.klrf1_gzmb_cd27_em_cd8_t_cell_ifn_gamma,continuous,FALSE
klrf1_gzmb_cd27_em_cd8_t_cell_il2_stat5,pb.klrf1_gzmb_cd27_em_cd8_t_cell_il2_stat5,continuous,FALSE
klrf1_gzmb_cd27_em_cd8_t_cell_il6_jak_stat3,pb.klrf1_gzmb_cd27_em_cd8_t_cell_il6_jak_stat3,continuous,FALSE
klrf1_gzmb_cd27_em_cd8_t_cell_inflammatory,pb.klrf1_gzmb_cd27_em_cd8_t_cell_inflammatory,continuous,FALSE
klrf1_gzmb_cd27_em_cd8_t_cell_tnfa_nfkb,pb.klrf1_gzmb_cd27_em_cd8_t_cell_tnfa_nfkb,continuous,FALSE
isg_memory_cd4_t_cell_ifn_alpha,pb.isg_memory_cd4_t_cell_ifn_alpha,continuous,FALSE
isg_memory_cd4_t_cell_ifn_gamma,pb.isg_memory_cd4_t_cell_ifn_gamma,continuous,FALSE
isg_memory_cd4_t_cell_il2_stat5,pb.isg_memory_cd4_t_cell_il2_stat5,continuous,FALSE
isg_memory_cd4_t_cell_il6_jak_stat3,pb.isg_memory_cd4_t_cell_il6_jak_stat3,continuous,FALSE
isg_memory_cd4_t_cell_inflammatory,pb.isg_memory_cd4_t_cell_inflammatory,continuous,FALSE
isg_memory_cd4_t_cell_tnfa_nfkb,pb.isg_memory_cd4_t_cell_tnfa_nfkb,continuous,FALSE
