alias,csv_column,modality,type,log_transformed,alr_transformed,alr_reference
age_group,subject.ageGroup,subject,discrete_root,FALSE,FALSE,NA
sex,subject.biologicalSex,subject,discrete_root,FALSE,FALSE,NA
cmv,cmv.igg_serology_interpretation,cmv,discrete_root,FALSE,FALSE,NA
bc_basophil_count,clinical.bc.basophil_count,clinical,continuous,FALSE,FALSE,NA
bc_eosinophil_count,clinical.bc.eosinophil_count,clinical,continuous,FALSE,FALSE,NA
bc_hematocrit,clinical.bc.hematocrit,clinical,continuous,FALSE,FALSE,NA
bc_hemoglobin,clinical.bc.hemoglobin,clinical,continuous,FALSE,FALSE,NA
bc_lymphocyte_count,clinical.bc.lymphocyte_count,clinical,continuous,FALSE,FALSE,NA
bc_monocyte_count,clinical.bc.monocyte_count,clinical,continuous,FALSE,FALSE,NA
bc_mpv,clinical.bc.mpv,clinical,continuous,FALSE,FALSE,NA
bc_neutrophil_count,clinical.bc.neutrophil_count,clinical,continuous,FALSE,FALSE,NA
bc_platelet_count,clinical.bc.platelet_count,clinical,continuous,FALSE,FALSE,NA
bc_rdw,clinical.bc.rdw,clinical,continuous,FALSE,FALSE,NA
bc_red_blood_cell_count,clinical.bc.red_blood_cell_count,clinical,continuous,FALSE,FALSE,NA
bc_wbc,clinical.bc.wbc,clinical,continuous,FALSE,FALSE,NA
chem_albumin,clinical.chem.albumin,clinical,continuous,FALSE,FALSE,NA
chem_alkaline_phosphatase,clinical.chem.alkaline_phosphatase,clinical,continuous,FALSE,FALSE,NA
chem_alt,clinical.chem.alt,clinical,continuous,TRUE,FALSE,NA
chem_ast,clinical.chem.ast,clinical,continuous,TRUE,FALSE,NA
chem_bun,clinical.chem.bun,clinical,continuous,FALSE,FALSE,NA
chem_calcium,clinical.chem.calcium,clinical,continuous,FALSE,FALSE,NA
chem_cl,clinical.chem.cl,clinical,continuous,FALSE,FALSE,NA
chem_co2,clinical.chem.co2,clinical,continuous,FALSE,FALSE,NA
chem_creatinine,clinical.chem.creatinine,clinical,continuous,FALSE,FALSE,NA
chem_globin,clinical.chem.globin,clinical,continuous,FALSE,FALSE,NA
chem_glucose,clinical.chem.glucose,clinical,continuous,TRUE,FALSE,NA
chem_potassium,clinical.chem.potassium,clinical,continuous,FALSE,FALSE,NA
chem_protein,clinical.chem.protein,clinical,continuous,FALSE,FALSE,NA
chem_sodium,clinical.chem.sodium,clinical,continuous,FALSE,FALSE,NA
chem_t_bili,clinical.chem.t_bili,clinical,continuous,FALSE,FALSE,NA
infl_esr,clinical.infl.esr,clinical,continuous,TRUE,FALSE,NA
infl_hs_crp,clinical.infl.hs_crp,clinical,continuous,TRUE,FALSE,NA
lip_cholesterol_hdl,clinical.lip.cholesterol_hdl,clinical,continuous,FALSE,FALSE,NA
lip_cholesterol_ldl,clinical.lip.cholesterol_ldl,clinical,continuous,FALSE,FALSE,NA
lip_cholesterol_total,clinical.lip.cholesterol_total,clinical,continuous,FALSE,FALSE,NA
lip_triglycerides,clinical.lip.triglycerides,clinical,continuous,TRUE,FALSE,NA
IL6,olink.IL6,olink,continuous,FALSE,FALSE,NA
TNF,olink.TNF,olink,continuous,FALSE,FALSE,NA
CXCL8,olink.CXCL8,olink,continuous,FALSE,FALSE,NA
CXCL9,olink.CXCL9,olink,continuous,FALSE,FALSE,NA
GDF15,olink.GDF15,olink,continuous,FALSE,FALSE,NA
CCL11,olink.CCL11,olink,continuous,FALSE,FALSE,NA
TNFRSF1A,olink.TNFRSF1A,olink,continuous,FALSE,FALSE,NA
CD8A,olink.CD8A,olink,continuous,FALSE,FALSE,NA
GZMA,olink.GZMA,olink,continuous,FALSE,FALSE,NA
GZMB,olink.GZMB,olink,continuous,FALSE,FALSE,NA
KLRD1,olink.KLRD1,olink,continuous,FALSE,FALSE,NA
FGF21,olink.FGF21,olink,continuous,FALSE,FALSE,NA
CHI3L1,olink.CHI3L1,olink,continuous,FALSE,FALSE,NA
IL18,olink.IL18,olink,continuous,FALSE,FALSE,NA
CXCL10,olink.CXCL10,olink,continuous,FALSE,FALSE,NA
CXCL11,olink.CXCL11,olink,continuous,FALSE,FALSE,NA
IFNG,olink.IFNG,olink,continuous,FALSE,FALSE,NA
CCL2,olink.CCL2,olink,continuous,FALSE,FALSE,NA
CCL8,olink.CCL8,olink,continuous,FALSE,FALSE,NA
CCL3,olink.CCL3,olink,continuous,FALSE,FALSE,NA
CCL4,olink.CCL4,olink,continuous,FALSE,FALSE,NA
TNFRSF1B,olink.TNFRSF1B,olink,continuous,FALSE,FALSE,NA
MMP12,olink.MMP12,olink,continuous,FALSE,FALSE,NA
IGFBP7,olink.IGFBP7,olink,continuous,FALSE,FALSE,NA
VEGFA,olink.VEGFA,olink,continuous,FALSE,FALSE,NA
IL10,olink.IL10,olink,continuous,FALSE,FALSE,NA
IL1RN,olink.IL1RN,olink,continuous,FALSE,FALSE,NA
IL7,olink.IL7,olink,continuous,FALSE,FALSE,NA
IL15,olink.IL15,olink,continuous,FALSE,FALSE,NA
PDCD1,olink.PDCD1,olink,continuous,FALSE,FALSE,NA
LAG3,olink.LAG3,olink,continuous,FALSE,FALSE,NA
HAVCR2,olink.HAVCR2,olink,continuous,FALSE,FALSE,NA
CD274,olink.CD274,olink,continuous,FALSE,FALSE,NA
LEP,olink.LEP,olink,continuous,FALSE,FALSE,NA
l2_erythrocyte,freq.L2_erythrocyte,freq,continuous,FALSE,FALSE,NA
l2_ilc,freq.L2_ilc,freq,continuous,FALSE,FALSE,NA
l2_platelet,freq.L2_platelet,freq,continuous,FALSE,FALSE,NA
l2_progenitor_cell,freq.L2_progenitor_cell,freq,continuous,FALSE,FALSE,NA
l3_asdc,freq.L3_asdc,freq,continuous,FALSE,FALSE,NA
l3_baeomap_cell,freq.L3_baeomap_cell,freq,continuous,FALSE,FALSE,NA
l3_cd56bright_nk_cell,freq.L3_cd56bright_nk_cell,freq,continuous,FALSE,FALSE,NA
l3_cd8aa,freq.L3_cd8aa,freq,continuous,FALSE,FALSE,NA
l3_cdc1,freq.L3_cdc1,freq,continuous,FALSE,FALSE,NA
l3_dn_t_cell,freq.L3_dn_t_cell,freq,continuous,FALSE,FALSE,NA
l3_erythrocyte,freq.L3_erythrocyte,freq,continuous,FALSE,FALSE,NA
l3_ilc,freq.L3_ilc,freq,continuous,FALSE,FALSE,NA
l3_intermediate_monocyte,freq.L3_intermediate_monocyte,freq,continuous,FALSE,FALSE,NA
l3_pdc,freq.L3_pdc,freq,continuous,FALSE,FALSE,NA
l3_plasma_cell,freq.L3_plasma_cell,freq,continuous,FALSE,FALSE,NA
l3_platelet,freq.L3_platelet,freq,continuous,FALSE,FALSE,NA
l3_proliferating_nk_cell,freq.L3_proliferating_nk_cell,freq,continuous,FALSE,FALSE,NA
l3_proliferating_t_cell,freq.L3_proliferating_t_cell,freq,continuous,FALSE,FALSE,NA
l3_transitional_b_cell,freq.L3_transitional_b_cell,freq,continuous,FALSE,FALSE,NA
pb_cd14_cdc2_ifn_alpha,pb.cd14_cdc2_ifn_alpha,pb,continuous,FALSE,FALSE,NA
pb_cd14_cdc2_ifn_gamma,pb.cd14_cdc2_ifn_gamma,pb,continuous,FALSE,FALSE,NA
pb_cd14_cdc2_il2_stat5,pb.cd14_cdc2_il2_stat5,pb,continuous,FALSE,FALSE,NA
pb_cd14_cdc2_il6_jak_stat3,pb.cd14_cdc2_il6_jak_stat3,pb,continuous,FALSE,FALSE,NA
pb_cd14_cdc2_inflammatory,pb.cd14_cdc2_inflammatory,pb,continuous,FALSE,FALSE,NA
pb_cd14_cdc2_tnfa_nfkb,pb.cd14_cdc2_tnfa_nfkb,pb,continuous,FALSE,FALSE,NA
pb_cd56bright_nk_cell_ifn_alpha,pb.cd56bright_nk_cell_ifn_alpha,pb,continuous,FALSE,FALSE,NA
pb_cd56bright_nk_cell_ifn_gamma,pb.cd56bright_nk_cell_ifn_gamma,pb,continuous,FALSE,FALSE,NA
pb_cd56bright_nk_cell_il2_stat5,pb.cd56bright_nk_cell_il2_stat5,pb,continuous,FALSE,FALSE,NA
pb_cd56bright_nk_cell_il6_jak_stat3,pb.cd56bright_nk_cell_il6_jak_stat3,pb,continuous,FALSE,FALSE,NA
pb_cd56bright_nk_cell_inflammatory,pb.cd56bright_nk_cell_inflammatory,pb,continuous,FALSE,FALSE,NA
pb_cd56bright_nk_cell_tnfa_nfkb,pb.cd56bright_nk_cell_tnfa_nfkb,pb,continuous,FALSE,FALSE,NA
pb_cd8_mait_ifn_alpha,pb.cd8_mait_ifn_alpha,pb,continuous,FALSE,FALSE,NA
pb_cd8_mait_ifn_gamma,pb.cd8_mait_ifn_gamma,pb,continuous,FALSE,FALSE,NA
pb_cd8_mait_il2_stat5,pb.cd8_mait_il2_stat5,pb,continuous,FALSE,FALSE,NA
pb_cd8_mait_il6_jak_stat3,pb.cd8_mait_il6_jak_stat3,pb,continuous,FALSE,FALSE,NA
pb_cd8_mait_inflammatory,pb.cd8_mait_inflammatory,pb,continuous,FALSE,FALSE,NA
pb_cd8_mait_tnfa_nfkb,pb.cd8_mait_tnfa_nfkb,pb,continuous,FALSE,FALSE,NA
pb_cm_cd4_t_cell_ifn_alpha,pb.cm_cd4_t_cell_ifn_alpha,pb,continuous,FALSE,FALSE,NA
pb_cm_cd4_t_cell_ifn_gamma,pb.cm_cd4_t_cell_ifn_gamma,pb,continuous,FALSE,FALSE,NA
pb_cm_cd4_t_cell_il2_stat5,pb.cm_cd4_t_cell_il2_stat5,pb,continuous,FALSE,FALSE,NA
pb_cm_cd4_t_cell_il6_jak_stat3,pb.cm_cd4_t_cell_il6_jak_stat3,pb,continuous,FALSE,FALSE,NA
pb_cm_cd4_t_cell_inflammatory,pb.cm_cd4_t_cell_inflammatory,pb,continuous,FALSE,FALSE,NA
pb_cm_cd4_t_cell_tnfa_nfkb,pb.cm_cd4_t_cell_tnfa_nfkb,pb,continuous,FALSE,FALSE,NA
pb_cm_cd8_t_cell_ifn_alpha,pb.cm_cd8_t_cell_ifn_alpha,pb,continuous,FALSE,FALSE,NA
pb_cm_cd8_t_cell_ifn_gamma,pb.cm_cd8_t_cell_ifn_gamma,pb,continuous,FALSE,FALSE,NA
pb_cm_cd8_t_cell_il2_stat5,pb.cm_cd8_t_cell_il2_stat5,pb,continuous,FALSE,FALSE,NA
pb_cm_cd8_t_cell_il6_jak_stat3,pb.cm_cd8_t_cell_il6_jak_stat3,pb,continuous,FALSE,FALSE,NA
pb_cm_cd8_t_cell_inflammatory,pb.cm_cd8_t_cell_inflammatory,pb,continuous,FALSE,FALSE,NA
pb_cm_cd8_t_cell_tnfa_nfkb,pb.cm_cd8_t_cell_tnfa_nfkb,pb,continuous,FALSE,FALSE,NA
pb_core_cd14_monocyte_ifn_alpha,pb.core_cd14_monocyte_ifn_alpha,pb,continuous,FALSE,FALSE,NA
pb_core_cd14_monocyte_ifn_gamma,pb.core_cd14_monocyte_ifn_gamma,pb,continuous,FALSE,FALSE,NA
pb_core_cd14_monocyte_il2_stat5,pb.core_cd14_monocyte_il2_stat5,pb,continuous,FALSE,FALSE,NA
pb_core_cd14_monocyte_il6_jak_stat3,pb.core_cd14_monocyte_il6_jak_stat3,pb,continuous,FALSE,FALSE,NA
pb_core_cd14_monocyte_inflammatory,pb.core_cd14_monocyte_inflammatory,pb,continuous,FALSE,FALSE,NA
pb_core_cd14_monocyte_tnfa_nfkb,pb.core_cd14_monocyte_tnfa_nfkb,pb,continuous,FALSE,FALSE,NA
pb_core_cd16_monocyte_ifn_alpha,pb.core_cd16_monocyte_ifn_alpha,pb,continuous,FALSE,FALSE,NA
pb_core_cd16_monocyte_ifn_gamma,pb.core_cd16_monocyte_ifn_gamma,pb,continuous,FALSE,FALSE,NA
pb_core_cd16_monocyte_il2_stat5,pb.core_cd16_monocyte_il2_stat5,pb,continuous,FALSE,FALSE,NA
pb_core_cd16_monocyte_il6_jak_stat3,pb.core_cd16_monocyte_il6_jak_stat3,pb,continuous,FALSE,FALSE,NA
pb_core_cd16_monocyte_inflammatory,pb.core_cd16_monocyte_inflammatory,pb,continuous,FALSE,FALSE,NA
pb_core_cd16_monocyte_tnfa_nfkb,pb.core_cd16_monocyte_tnfa_nfkb,pb,continuous,FALSE,FALSE,NA
pb_core_memory_b_cell_ifn_alpha,pb.core_memory_b_cell_ifn_alpha,pb,continuous,FALSE,FALSE,NA
pb_core_memory_b_cell_ifn_gamma,pb.core_memory_b_cell_ifn_gamma,pb,continuous,FALSE,FALSE,NA
pb_core_memory_b_cell_il2_stat5,pb.core_memory_b_cell_il2_stat5,pb,continuous,FALSE,FALSE,NA
pb_core_memory_b_cell_il6_jak_stat3,pb.core_memory_b_cell_il6_jak_stat3,pb,continuous,FALSE,FALSE,NA
pb_core_memory_b_cell_inflammatory,pb.core_memory_b_cell_inflammatory,pb,continuous,FALSE,FALSE,NA
pb_core_memory_b_cell_tnfa_nfkb,pb.core_memory_b_cell_tnfa_nfkb,pb,continuous,FALSE,FALSE,NA
pb_core_naive_b_cell_ifn_alpha,pb.core_naive_b_cell_ifn_alpha,pb,continuous,FALSE,FALSE,NA
pb_core_naive_b_cell_ifn_gamma,pb.core_naive_b_cell_ifn_gamma,pb,continuous,FALSE,FALSE,NA
pb_core_naive_b_cell_il2_stat5,pb.core_naive_b_cell_il2_stat5,pb,continuous,FALSE,FALSE,NA
pb_core_naive_b_cell_il6_jak_stat3,pb.core_naive_b_cell_il6_jak_stat3,pb,continuous,FALSE,FALSE,NA
pb_core_naive_b_cell_inflammatory,pb.core_naive_b_cell_inflammatory,pb,continuous,FALSE,FALSE,NA
pb_core_naive_b_cell_tnfa_nfkb,pb.core_naive_b_cell_tnfa_nfkb,pb,continuous,FALSE,FALSE,NA
pb_core_naive_cd4_t_cell_ifn_alpha,pb.core_naive_cd4_t_cell_ifn_alpha,pb,continuous,FALSE,FALSE,NA
pb_core_naive_cd4_t_cell_ifn_gamma,pb.core_naive_cd4_t_cell_ifn_gamma,pb,continuous,FALSE,FALSE,NA
pb_core_naive_cd4_t_cell_il2_stat5,pb.core_naive_cd4_t_cell_il2_stat5,pb,continuous,FALSE,FALSE,NA
pb_core_naive_cd4_t_cell_il6_jak_stat3,pb.core_naive_cd4_t_cell_il6_jak_stat3,pb,continuous,FALSE,FALSE,NA
pb_core_naive_cd4_t_cell_inflammatory,pb.core_naive_cd4_t_cell_inflammatory,pb,continuous,FALSE,FALSE,NA
pb_core_naive_cd4_t_cell_tnfa_nfkb,pb.core_naive_cd4_t_cell_tnfa_nfkb,pb,continuous,FALSE,FALSE,NA
pb_core_naive_cd8_t_cell_ifn_alpha,pb.core_naive_cd8_t_cell_ifn_alpha,pb,continuous,FALSE,FALSE,NA
pb_core_naive_cd8_t_cell_ifn_gamma,pb.core_naive_cd8_t_cell_ifn_gamma,pb,continuous,FALSE,FALSE,NA
pb_core_naive_cd8_t_cell_il2_stat5,pb.core_naive_cd8_t_cell_il2_stat5,pb,continuous,FALSE,FALSE,NA
pb_core_naive_cd8_t_cell_il6_jak_stat3,pb.core_naive_cd8_t_cell_il6_jak_stat3,pb,continuous,FALSE,FALSE,NA
pb_core_naive_cd8_t_cell_inflammatory,pb.core_naive_cd8_t_cell_inflammatory,pb,continuous,FALSE,FALSE,NA
pb_core_naive_cd8_t_cell_tnfa_nfkb,pb.core_naive_cd8_t_cell_tnfa_nfkb,pb,continuous,FALSE,FALSE,NA
pb_gzmb_cd27_em_cd4_t_cell_ifn_alpha,pb.gzmb_cd27_em_cd4_t_cell_ifn_alpha,pb,continuous,FALSE,FALSE,NA
pb_gzmb_cd27_em_cd4_t_cell_ifn_gamma,pb.gzmb_cd27_em_cd4_t_cell_ifn_gamma,pb,continuous,FALSE,FALSE,NA
pb_gzmb_cd27_em_cd4_t_cell_il2_stat5,pb.gzmb_cd27_em_cd4_t_cell_il2_stat5,pb,continuous,FALSE,FALSE,NA
pb_gzmb_cd27_em_cd4_t_cell_il6_jak_stat3,pb.gzmb_cd27_em_cd4_t_cell_il6_jak_stat3,pb,continuous,FALSE,FALSE,NA
pb_gzmb_cd27_em_cd4_t_cell_inflammatory,pb.gzmb_cd27_em_cd4_t_cell_inflammatory,pb,continuous,FALSE,FALSE,NA
pb_gzmb_cd27_em_cd4_t_cell_tnfa_nfkb,pb.gzmb_cd27_em_cd4_t_cell_tnfa_nfkb,pb,continuous,FALSE,FALSE,NA
pb_gzmk_cd56dim_nk_cell_ifn_alpha,pb.gzmk_cd56dim_nk_cell_ifn_alpha,pb,continuous,FALSE,FALSE,NA
pb_gzmk_cd56dim_nk_cell_ifn_gamma,pb.gzmk_cd56dim_nk_cell_ifn_gamma,pb,continuous,FALSE,FALSE,NA
pb_gzmk_cd56dim_nk_cell_il2_stat5,pb.gzmk_cd56dim_nk_cell_il2_stat5,pb,continuous,FALSE,FALSE,NA
pb_gzmk_cd56dim_nk_cell_il6_jak_stat3,pb.gzmk_cd56dim_nk_cell_il6_jak_stat3,pb,continuous,FALSE,FALSE,NA
pb_gzmk_cd56dim_nk_cell_inflammatory,pb.gzmk_cd56dim_nk_cell_inflammatory,pb,continuous,FALSE,FALSE,NA
pb_gzmk_cd56dim_nk_cell_tnfa_nfkb,pb.gzmk_cd56dim_nk_cell_tnfa_nfkb,pb,continuous,FALSE,FALSE,NA
pb_gzmk_vd2_gdt_ifn_alpha,pb.gzmk_vd2_gdt_ifn_alpha,pb,continuous,FALSE,FALSE,NA
pb_gzmk_vd2_gdt_ifn_gamma,pb.gzmk_vd2_gdt_ifn_gamma,pb,continuous,FALSE,FALSE,NA
pb_gzmk_vd2_gdt_il2_stat5,pb.gzmk_vd2_gdt_il2_stat5,pb,continuous,FALSE,FALSE,NA
pb_gzmk_vd2_gdt_il6_jak_stat3,pb.gzmk_vd2_gdt_il6_jak_stat3,pb,continuous,FALSE,FALSE,NA
pb_gzmk_vd2_gdt_inflammatory,pb.gzmk_vd2_gdt_inflammatory,pb,continuous,FALSE,FALSE,NA
pb_gzmk_vd2_gdt_tnfa_nfkb,pb.gzmk_vd2_gdt_tnfa_nfkb,pb,continuous,FALSE,FALSE,NA
pb_hla_drhi_cdc2_ifn_alpha,pb.hla_drhi_cdc2_ifn_alpha,pb,continuous,FALSE,FALSE,NA
pb_hla_drhi_cdc2_ifn_gamma,pb.hla_drhi_cdc2_ifn_gamma,pb,continuous,FALSE,FALSE,NA
pb_hla_drhi_cdc2_il2_stat5,pb.hla_drhi_cdc2_il2_stat5,pb,continuous,FALSE,FALSE,NA
pb_hla_drhi_cdc2_il6_jak_stat3,pb.hla_drhi_cdc2_il6_jak_stat3,pb,continuous,FALSE,FALSE,NA
pb_hla_drhi_cdc2_inflammatory,pb.hla_drhi_cdc2_inflammatory,pb,continuous,FALSE,FALSE,NA
pb_hla_drhi_cdc2_tnfa_nfkb,pb.hla_drhi_cdc2_tnfa_nfkb,pb,continuous,FALSE,FALSE,NA
pb_intermediate_monocyte_ifn_alpha,pb.intermediate_monocyte_ifn_alpha,pb,continuous,FALSE,FALSE,NA
pb_intermediate_monocyte_ifn_gamma,pb.intermediate_monocyte_ifn_gamma,pb,continuous,FALSE,FALSE,NA
pb_intermediate_monocyte_il2_stat5,pb.intermediate_monocyte_il2_stat5,pb,continuous,FALSE,FALSE,NA
pb_intermediate_monocyte_il6_jak_stat3,pb.intermediate_monocyte_il6_jak_stat3,pb,continuous,FALSE,FALSE,NA
pb_intermediate_monocyte_inflammatory,pb.intermediate_monocyte_inflammatory,pb,continuous,FALSE,FALSE,NA
pb_intermediate_monocyte_tnfa_nfkb,pb.intermediate_monocyte_tnfa_nfkb,pb,continuous,FALSE,FALSE,NA
pb_isg_cd14_monocyte_ifn_alpha,pb.isg_cd14_monocyte_ifn_alpha,pb,continuous,FALSE,FALSE,NA
pb_isg_cd14_monocyte_ifn_gamma,pb.isg_cd14_monocyte_ifn_gamma,pb,continuous,FALSE,FALSE,NA
pb_isg_cd14_monocyte_il2_stat5,pb.isg_cd14_monocyte_il2_stat5,pb,continuous,FALSE,FALSE,NA
pb_isg_cd14_monocyte_il6_jak_stat3,pb.isg_cd14_monocyte_il6_jak_stat3,pb,continuous,FALSE,FALSE,NA
pb_isg_cd14_monocyte_inflammatory,pb.isg_cd14_monocyte_inflammatory,pb,continuous,FALSE,FALSE,NA
pb_isg_cd14_monocyte_tnfa_nfkb,pb.isg_cd14_monocyte_tnfa_nfkb,pb,continuous,FALSE,FALSE,NA
pb_isg_memory_cd4_t_cell_ifn_alpha,pb.isg_memory_cd4_t_cell_ifn_alpha,pb,continuous,FALSE,FALSE,NA
pb_isg_memory_cd4_t_cell_ifn_gamma,pb.isg_memory_cd4_t_cell_ifn_gamma,pb,continuous,FALSE,FALSE,NA
pb_isg_memory_cd4_t_cell_il2_stat5,pb.isg_memory_cd4_t_cell_il2_stat5,pb,continuous,FALSE,FALSE,NA
pb_isg_memory_cd4_t_cell_il6_jak_stat3,pb.isg_memory_cd4_t_cell_il6_jak_stat3,pb,continuous,FALSE,FALSE,NA
pb_isg_memory_cd4_t_cell_inflammatory,pb.isg_memory_cd4_t_cell_inflammatory,pb,continuous,FALSE,FALSE,NA
pb_isg_memory_cd4_t_cell_tnfa_nfkb,pb.isg_memory_cd4_t_cell_tnfa_nfkb,pb,continuous,FALSE,FALSE,NA
pb_klrb1_memory_cd4_treg_ifn_alpha,pb.klrb1_memory_cd4_treg_ifn_alpha,pb,continuous,FALSE,FALSE,NA
pb_klrb1_memory_cd4_treg_ifn_gamma,pb.klrb1_memory_cd4_treg_ifn_gamma,pb,continuous,FALSE,FALSE,NA
pb_klrb1_memory_cd4_treg_il2_stat5,pb.klrb1_memory_cd4_treg_il2_stat5,pb,continuous,FALSE,FALSE,NA
pb_klrb1_memory_cd4_treg_il6_jak_stat3,pb.klrb1_memory_cd4_treg_il6_jak_stat3,pb,continuous,FALSE,FALSE,NA
pb_klrb1_memory_cd4_treg_inflammatory,pb.klrb1_memory_cd4_treg_inflammatory,pb,continuous,FALSE,FALSE,NA
pb_klrb1_memory_cd4_treg_tnfa_nfkb,pb.klrb1_memory_cd4_treg_tnfa_nfkb,pb,continuous,FALSE,FALSE,NA
pb_klrf1_gzmb_cd27_em_cd8_t_cell_ifn_alpha,pb.klrf1_gzmb_cd27_em_cd8_t_cell_ifn_alpha,pb,continuous,FALSE,FALSE,NA
pb_klrf1_gzmb_cd27_em_cd8_t_cell_ifn_gamma,pb.klrf1_gzmb_cd27_em_cd8_t_cell_ifn_gamma,pb,continuous,FALSE,FALSE,NA
pb_klrf1_gzmb_cd27_em_cd8_t_cell_il2_stat5,pb.klrf1_gzmb_cd27_em_cd8_t_cell_il2_stat5,pb,continuous,FALSE,FALSE,NA
pb_klrf1_gzmb_cd27_em_cd8_t_cell_il6_jak_stat3,pb.klrf1_gzmb_cd27_em_cd8_t_cell_il6_jak_stat3,pb,continuous,FALSE,FALSE,NA
pb_klrf1_gzmb_cd27_em_cd8_t_cell_inflammatory,pb.klrf1_gzmb_cd27_em_cd8_t_cell_inflammatory,pb,continuous,FALSE,FALSE,NA
pb_klrf1_gzmb_cd27_em_cd8_t_cell_tnfa_nfkb,pb.klrf1_gzmb_cd27_em_cd8_t_cell_tnfa_nfkb,pb,continuous,FALSE,FALSE,NA
pb_memory_cd4_treg_ifn_alpha,pb.memory_cd4_treg_ifn_alpha,pb,continuous,FALSE,FALSE,NA
pb_memory_cd4_treg_ifn_gamma,pb.memory_cd4_treg_ifn_gamma,pb,continuous,FALSE,FALSE,NA
pb_memory_cd4_treg_il2_stat5,pb.memory_cd4_treg_il2_stat5,pb,continuous,FALSE,FALSE,NA
pb_memory_cd4_treg_il6_jak_stat3,pb.memory_cd4_treg_il6_jak_stat3,pb,continuous,FALSE,FALSE,NA
pb_memory_cd4_treg_inflammatory,pb.memory_cd4_treg_inflammatory,pb,continuous,FALSE,FALSE,NA
pb_memory_cd4_treg_tnfa_nfkb,pb.memory_cd4_treg_tnfa_nfkb,pb,continuous,FALSE,FALSE,NA
pb_naive_cd4_treg_ifn_alpha,pb.naive_cd4_treg_ifn_alpha,pb,continuous,FALSE,FALSE,NA
pb_naive_cd4_treg_ifn_gamma,pb.naive_cd4_treg_ifn_gamma,pb,continuous,FALSE,FALSE,NA
pb_naive_cd4_treg_il2_stat5,pb.naive_cd4_treg_il2_stat5,pb,continuous,FALSE,FALSE,NA
pb_naive_cd4_treg_il6_jak_stat3,pb.naive_cd4_treg_il6_jak_stat3,pb,continuous,FALSE,FALSE,NA
pb_naive_cd4_treg_inflammatory,pb.naive_cd4_treg_inflammatory,pb,continuous,FALSE,FALSE,NA
pb_naive_cd4_treg_tnfa_nfkb,pb.naive_cd4_treg_tnfa_nfkb,pb,continuous,FALSE,FALSE,NA
pb_pdc_ifn_alpha,pb.pdc_ifn_alpha,pb,continuous,FALSE,FALSE,NA
pb_pdc_ifn_gamma,pb.pdc_ifn_gamma,pb,continuous,FALSE,FALSE,NA
pb_pdc_il2_stat5,pb.pdc_il2_stat5,pb,continuous,FALSE,FALSE,NA
pb_pdc_il6_jak_stat3,pb.pdc_il6_jak_stat3,pb,continuous,FALSE,FALSE,NA
pb_pdc_inflammatory,pb.pdc_inflammatory,pb,continuous,FALSE,FALSE,NA
pb_pdc_tnfa_nfkb,pb.pdc_tnfa_nfkb,pb,continuous,FALSE,FALSE,NA
pb_transitional_b_cell_ifn_alpha,pb.transitional_b_cell_ifn_alpha,pb,continuous,FALSE,FALSE,NA
pb_transitional_b_cell_ifn_gamma,pb.transitional_b_cell_ifn_gamma,pb,continuous,FALSE,FALSE,NA
pb_transitional_b_cell_il2_stat5,pb.transitional_b_cell_il2_stat5,pb,continuous,FALSE,FALSE,NA
pb_transitional_b_cell_il6_jak_stat3,pb.transitional_b_cell_il6_jak_stat3,pb,continuous,FALSE,FALSE,NA
pb_transitional_b_cell_inflammatory,pb.transitional_b_cell_inflammatory,pb,continuous,FALSE,FALSE,NA
pb_transitional_b_cell_tnfa_nfkb,pb.transitional_b_cell_tnfa_nfkb,pb,continuous,FALSE,FALSE,NA
wb_adipogenesis,wb.adipogenesis,wb,continuous,FALSE,FALSE,NA
wb_allograft_rejection,wb.allograft_rejection,wb,continuous,FALSE,FALSE,NA
wb_androgen_response,wb.androgen_response,wb,continuous,FALSE,FALSE,NA
wb_angiogenesis,wb.angiogenesis,wb,continuous,FALSE,FALSE,NA
wb_apical_junction,wb.apical_junction,wb,continuous,FALSE,FALSE,NA
wb_apical_surface,wb.apical_surface,wb,continuous,FALSE,FALSE,NA
wb_apoptosis,wb.apoptosis,wb,continuous,FALSE,FALSE,NA
wb_bile_acid_metabolism,wb.bile_acid_metabolism,wb,continuous,FALSE,FALSE,NA
wb_cholesterol_homeostasis,wb.cholesterol_homeostasis,wb,continuous,FALSE,FALSE,NA
wb_coagulation,wb.coagulation,wb,continuous,FALSE,FALSE,NA
wb_complement,wb.complement,wb,continuous,FALSE,FALSE,NA
wb_dna_repair,wb.dna_repair,wb,continuous,FALSE,FALSE,NA
wb_e2f_targets,wb.e2f_targets,wb,continuous,FALSE,FALSE,NA
wb_epithelial_mesenchymal_transition,wb.epithelial_mesenchymal_transition,wb,continuous,FALSE,FALSE,NA
wb_estrogen_response_early,wb.estrogen_response_early,wb,continuous,FALSE,FALSE,NA
wb_estrogen_response_late,wb.estrogen_response_late,wb,continuous,FALSE,FALSE,NA
wb_fatty_acid_metabolism,wb.fatty_acid_metabolism,wb,continuous,FALSE,FALSE,NA
wb_g2_m_checkpoint,wb.g2_m_checkpoint,wb,continuous,FALSE,FALSE,NA
wb_glycolysis,wb.glycolysis,wb,continuous,FALSE,FALSE,NA
wb_hedgehog_signaling,wb.hedgehog_signaling,wb,continuous,FALSE,FALSE,NA
wb_heme_metabolism,wb.heme_metabolism,wb,continuous,FALSE,FALSE,NA
wb_hypoxia,wb.hypoxia,wb,continuous,FALSE,FALSE,NA
wb_il_2_stat5_signaling,wb.il_2_stat5_signaling,wb,continuous,FALSE,FALSE,NA
wb_il_6_jak_stat3_signaling,wb.il_6_jak_stat3_signaling,wb,continuous,FALSE,FALSE,NA
wb_inflammatory_response,wb.inflammatory_response,wb,continuous,FALSE,FALSE,NA
wb_interferon_alpha_response,wb.interferon_alpha_response,wb,continuous,FALSE,FALSE,NA
wb_interferon_gamma_response,wb.interferon_gamma_response,wb,continuous,FALSE,FALSE,NA
wb_kras_signaling_dn,wb.kras_signaling_dn,wb,continuous,FALSE,FALSE,NA
wb_kras_signaling_up,wb.kras_signaling_up,wb,continuous,FALSE,FALSE,NA
wb_mitotic_spindle,wb.mitotic_spindle,wb,continuous,FALSE,FALSE,NA
wb_mtorc1_signaling,wb.mtorc1_signaling,wb,continuous,FALSE,FALSE,NA
wb_myc_targets_v1,wb.myc_targets_v1,wb,continuous,FALSE,FALSE,NA
wb_myc_targets_v2,wb.myc_targets_v2,wb,continuous,FALSE,FALSE,NA
wb_myogenesis,wb.myogenesis,wb,continuous,FALSE,FALSE,NA
wb_notch_signaling,wb.notch_signaling,wb,continuous,FALSE,FALSE,NA
wb_oxidative_phosphorylation,wb.oxidative_phosphorylation,wb,continuous,FALSE,FALSE,NA
wb_p53_pathway,wb.p53_pathway,wb,continuous,FALSE,FALSE,NA
wb_pancreas_beta_cells,wb.pancreas_beta_cells,wb,continuous,FALSE,FALSE,NA
wb_pi3k_akt_mtor_signaling,wb.pi3k_akt_mtor_signaling,wb,continuous,FALSE,FALSE,NA
wb_pperoxisome,wb.pperoxisome,wb,continuous,FALSE,FALSE,NA
wb_protein_secretion,wb.protein_secretion,wb,continuous,FALSE,FALSE,NA
wb_reactive_oxygen_species_pathway,wb.reactive_oxygen_species_pathway,wb,continuous,FALSE,FALSE,NA
wb_spermatogenesis,wb.spermatogenesis,wb,continuous,FALSE,FALSE,NA
wb_tgf_beta_signaling,wb.tgf_beta_signaling,wb,continuous,FALSE,FALSE,NA
wb_tnf_alpha_signaling_via_nf_kb,wb.tnf_alpha_signaling_via_nf_kb,wb,continuous,FALSE,FALSE,NA
wb_unfolded_protein_response,wb.unfolded_protein_response,wb,continuous,FALSE,FALSE,NA
wb_uv_response_dn,wb.uv_response_dn,wb,continuous,FALSE,FALSE,NA
wb_uv_response_up,wb.uv_response_up,wb,continuous,FALSE,FALSE,NA
wb_wnt_beta_catenin_signaling,wb.wnt_beta_catenin_signaling,wb,continuous,FALSE,FALSE,NA
wb_xenobiotic_metabolism,wb.xenobiotic_metabolism,wb,continuous,FALSE,FALSE,NA
l2_effector_b_cell_alr,freq.L2_effector_b_cell,freq,continuous,FALSE,TRUE,l2_naive_b_cell
l2_memory_b_cell_alr,freq.L2_memory_b_cell,freq,continuous,FALSE,TRUE,l2_naive_b_cell
l2_plasma_cell_alr,freq.L2_plasma_cell,freq,continuous,FALSE,TRUE,l2_naive_b_cell
l2_transitional_b_cell_alr,freq.L2_transitional_b_cell,freq,continuous,FALSE,TRUE,l2_naive_b_cell
l2_asdc_alr,freq.L2_asdc,freq,continuous,FALSE,TRUE,l2_cdc2
l2_cdc1_alr,freq.L2_cdc1,freq,continuous,FALSE,TRUE,l2_cdc2
l2_pdc_alr,freq.L2_pdc,freq,continuous,FALSE,TRUE,l2_cdc2
l2_cd16_monocyte_alr,freq.L2_cd16_monocyte,freq,continuous,FALSE,TRUE,l2_cd14_monocyte
l2_intermediate_monocyte_alr,freq.L2_intermediate_monocyte,freq,continuous,FALSE,TRUE,l2_cd14_monocyte
l2_cd56bright_nk_cell_alr,freq.L2_cd56bright_nk_cell,freq,continuous,FALSE,TRUE,l2_cd56dim_nk_cell
l2_proliferating_nk_cell_alr,freq.L2_proliferating_nk_cell,freq,continuous,FALSE,TRUE,l2_cd56dim_nk_cell
l2_cd8aa_alr,freq.L2_cd8aa,freq,continuous,FALSE,TRUE,l2_naive_cd4_t_cell
l2_dn_t_cell_alr,freq.L2_dn_t_cell,freq,continuous,FALSE,TRUE,l2_naive_cd4_t_cell
l2_gdt_alr,freq.L2_gdt,freq,continuous,FALSE,TRUE,l2_naive_cd4_t_cell
l2_mait_alr,freq.L2_mait,freq,continuous,FALSE,TRUE,l2_naive_cd4_t_cell
l2_memory_cd4_t_cell_alr,freq.L2_memory_cd4_t_cell,freq,continuous,FALSE,TRUE,l2_naive_cd4_t_cell
l2_memory_cd8_t_cell_alr,freq.L2_memory_cd8_t_cell,freq,continuous,FALSE,TRUE,l2_naive_cd4_t_cell
l2_naive_cd8_t_cell_alr,freq.L2_naive_cd8_t_cell,freq,continuous,FALSE,TRUE,l2_naive_cd4_t_cell
l2_proliferating_t_cell_alr,freq.L2_proliferating_t_cell,freq,continuous,FALSE,TRUE,l2_naive_cd4_t_cell
l2_treg_alr,freq.L2_treg,freq,continuous,FALSE,TRUE,l2_naive_cd4_t_cell
l3_il1b_cd14_monocyte_alr,freq.L3_il1b_cd14_monocyte,freq,continuous,FALSE,TRUE,l3_core_cd14_monocyte
l3_isg_cd14_monocyte_alr,freq.L3_isg_cd14_monocyte,freq,continuous,FALSE,TRUE,l3_core_cd14_monocyte
l3_c1q_cd16_monocyte_alr,freq.L3_c1q_cd16_monocyte,freq,continuous,FALSE,TRUE,l3_core_cd16_monocyte
l3_isg_cd16_monocyte_alr,freq.L3_isg_cd16_monocyte,freq,continuous,FALSE,TRUE,l3_core_cd16_monocyte
l3_gzmk_cd56dim_nk_cell_alr,freq.L3_gzmk_cd56dim_nk_cell,freq,continuous,FALSE,TRUE,l3_gzmk_cd56dim_nk_cell_alt
l3_isg_cd56dim_nk_cell_alr,freq.L3_isg_cd56dim_nk_cell,freq,continuous,FALSE,TRUE,l3_gzmk_cd56dim_nk_cell_alt
l3_adaptive_nk_cell_alr,freq.L3_adaptive_nk_cell,freq,continuous,FALSE,TRUE,l3_gzmk_cd56dim_nk_cell_alt
l3_cd14_cdc2_alr,freq.L3_cd14_cdc2,freq,continuous,FALSE,TRUE,l3_hla_drhi_cdc2
l3_isg_cdc2_alr,freq.L3_isg_cdc2,freq,continuous,FALSE,TRUE,l3_hla_drhi_cdc2
l3_cd27_effector_b_cell_alt_alr,freq.L3_cd27_effector_b_cell.1,freq,continuous,FALSE,TRUE,l3_cd27_effector_b_cell
l3_gzmb_vd2_gdt_alr,freq.L3_gzmb_vd2_gdt,freq,continuous,FALSE,TRUE,l3_gzmk_vd2_gdt
l3_klrf1_effector_vd1_gdt_alr,freq.L3_klrf1_effector_vd1_gdt,freq,continuous,FALSE,TRUE,l3_gzmk_vd2_gdt
l3_klrf1_effector_vd1_gdt_alt_alr,freq.L3_klrf1_effector_vd1_gdt.1,freq,continuous,FALSE,TRUE,l3_gzmk_vd2_gdt
l3_naive_vd1_gdt_alr,freq.L3_naive_vd1_gdt,freq,continuous,FALSE,TRUE,l3_gzmk_vd2_gdt
l3_sox4_vd1_gdt_alr,freq.L3_sox4_vd1_gdt,freq,continuous,FALSE,TRUE,l3_gzmk_vd2_gdt
l3_cd4_mait_alr,freq.L3_cd4_mait,freq,continuous,FALSE,TRUE,l3_cd8_mait
l3_isg_mait_alr,freq.L3_isg_mait,freq,continuous,FALSE,TRUE,l3_cd8_mait
l3_activated_memory_b_cell_alr,freq.L3_activated_memory_b_cell,freq,continuous,FALSE,TRUE,l3_core_memory_b_cell
l3_cd95_memory_b_cell_alr,freq.L3_cd95_memory_b_cell,freq,continuous,FALSE,TRUE,l3_core_memory_b_cell
l3_early_memory_b_cell_alr,freq.L3_early_memory_b_cell,freq,continuous,FALSE,TRUE,l3_core_memory_b_cell
l3_type_2_polarized_memory_b_cell_alr,freq.L3_type_2_polarized_memory_b_cell,freq,continuous,FALSE,TRUE,l3_core_memory_b_cell
l3_isg_memory_cd4_t_cell_alr,freq.L3_isg_memory_cd4_t_cell,freq,continuous,FALSE,TRUE,l3_cm_cd4_t_cell
l3_klrf1_gzmb_cd27_memory_cd4_t_cell_alr,freq.L3_klrf1_gzmb_cd27_memory_cd4_t_cell,freq,continuous,FALSE,TRUE,l3_cm_cd4_t_cell
l3_gzmb_cd27_em_cd4_t_cell_alr,freq.L3_gzmb_cd27_em_cd4_t_cell,freq,continuous,FALSE,TRUE,l3_cm_cd4_t_cell
l3_gzmb_cd27_em_cd4_t_cell_alt_alr,freq.L3_gzmb_cd27_em_cd4_t_cell.1,freq,continuous,FALSE,TRUE,l3_cm_cd4_t_cell
l3_isg_memory_cd8_t_cell_alr,freq.L3_isg_memory_cd8_t_cell,freq,continuous,FALSE,TRUE,l3_gzmk_cd27_em_cd8_t_cell
l3_cm_cd8_t_cell_alr,freq.L3_cm_cd8_t_cell,freq,continuous,FALSE,TRUE,l3_gzmk_cd27_em_cd8_t_cell
l3_gzmk_cd27_em_cd8_t_cell_alt_alr,freq.L3_gzmk_cd27_em_cd8_t_cell.1,freq,continuous,FALSE,TRUE,l3_gzmk_cd27_em_cd8_t_cell
l3_klrf1_gzmb_cd27_em_cd8_t_cell_alr,freq.L3_klrf1_gzmb_cd27_em_cd8_t_cell,freq,continuous,FALSE,TRUE,l3_gzmk_cd27_em_cd8_t_cell
l3_klrf1_gzmb_cd27_em_cd8_t_cell_alt_alr,freq.L3_klrf1_gzmb_cd27_em_cd8_t_cell.1,freq,continuous,FALSE,TRUE,l3_gzmk_cd27_em_cd8_t_cell
l3_isg_naive_b_cell_alr,freq.L3_isg_naive_b_cell,freq,continuous,FALSE,TRUE,l3_core_naive_b_cell
l3_isg_naive_cd4_t_cell_alr,freq.L3_isg_naive_cd4_t_cell,freq,continuous,FALSE,TRUE,l3_core_naive_cd4_t_cell
l3_sox4_naive_cd4_t_cell_alr,freq.L3_sox4_naive_cd4_t_cell,freq,continuous,FALSE,TRUE,l3_core_naive_cd4_t_cell
l3_isg_naive_cd8_t_cell_alr,freq.L3_isg_naive_cd8_t_cell,freq,continuous,FALSE,TRUE,l3_core_naive_cd8_t_cell
l3_sox4_naive_cd8_t_cell_alr,freq.L3_sox4_naive_cd8_t_cell,freq,continuous,FALSE,TRUE,l3_core_naive_cd8_t_cell
l3_clp_cell_alr,freq.L3_clp_cell,freq,continuous,FALSE,TRUE,l3_cmp_cell
l3_gzmk_memory_cd4_treg_alr,freq.L3_gzmk_memory_cd4_treg,freq,continuous,FALSE,TRUE,l3_memory_cd4_treg
l3_klrb1_memory_cd4_treg_alr,freq.L3_klrb1_memory_cd4_treg,freq,continuous,FALSE,TRUE,l3_memory_cd4_treg
l3_klrb1_memory_cd8_treg_alr,freq.L3_klrb1_memory_cd8_treg,freq,continuous,FALSE,TRUE,l3_memory_cd4_treg
l3_memory_cd8_treg_alr,freq.L3_memory_cd8_treg,freq,continuous,FALSE,TRUE,l3_memory_cd4_treg
l3_naive_cd4_treg_alr,freq.L3_naive_cd4_treg,freq,continuous,FALSE,TRUE,l3_memory_cd4_treg
l1_dc_alr,freq.L1_dc,freq,continuous,FALSE,TRUE,l1_t_cell
l1_monocyte_alr,freq.L1_monocyte,freq,continuous,FALSE,TRUE,l1_t_cell
l1_nk_cell_alr,freq.L1_nk_cell,freq,continuous,FALSE,TRUE,l1_t_cell
l1_b_cell_alr,freq.L1_b_cell,freq,continuous,FALSE,TRUE,l1_t_cell
l1_erythrocyte_alr,freq.L1_erythrocyte,freq,continuous,FALSE,TRUE,l1_t_cell
l1_ilc_alr,freq.L1_ilc,freq,continuous,FALSE,TRUE,l1_t_cell
l1_platelet_alr,freq.L1_platelet,freq,continuous,FALSE,TRUE,l1_t_cell
l1_progenitor_cell_alr,freq.L1_progenitor_cell,freq,continuous,FALSE,TRUE,l1_t_cell
